price,bedrooms,bathrooms,parking space,Type of Property,Erf Size,Floor Size,Levies,Rates and Taxes,Pool,Pets Allowed
R 2 564 500,3,2,2,Townhouse,248m²,185m²,R3500,R1656,1,
R 1 899 000,2,2.5,1,Townhouse,126m²,106m²,R3450,R840,1,1.0
R 850 000,2,1,1,Apartment/Flat,69m²,69m²,R1035,R343,0,0.0
R 689 000,2,1,1,House,200m²,50m²,R150,R150,0,1.0
POA,,,,IndustrialProperty,4500m²,,,R9500,0,
POA,,,,CommercialProperty,495m²,,,,0,
R 1 800 000,4,3,15,House,,,,R1200,0,
R 2 400 000,4,4,14,House,2024m²,340m²,,R1000,1,1.0
R 500 000,2,1,,House,300m²,,,R500,0,1.0
R 790 000,1,1,1,Apartment/Flat,,,,,1,
R 665 000,2,1,1,House,,51m²,R1000,R750,0,0.0
POA,,,,CommercialProperty,2252m²,2252m²,,R1,0,
R 755 000,2,1,1,Apartment/Flat,,56m²,R1300,R300,0,0.0
R 10 000 000,3,3.5,2,Apartment/Flat,,730m²,R10545,R3579,1,1.0
R 5 399 000,4,3,4,House,1447m²,421m²,,R2147,1,1.0
R 3 300 000,4,5,1,House,1205m²,385m²,,,1,1.0
R 6 214 000,,,,CommercialProperty,,143m²,R5470,R7724,0,
R 675 000,2,1,1,Apartment/Flat,,,R1000,R250,0,
R 665 000,2,1,1,Apartment/Flat,,51m²,R1200,,0,1.0
R 1 295 000,3,3,4,House,545m²,,,,0,1.0
R 64 800 000,8,11,12,House,4196m²,2000m²,,,1,1.0
R 8 499 900,,,,,,,,,0,
R 1 464 875,3,2,1,House,240m²,100m²,R900,R1600,0,1.0
R 1 345 000,3,2,1,House,300m²,83m²,R550,R450,0,1.0
R 750 000,2,1,1,Townhouse,,62m²,R1500,R350,1,0.0
R 3 499 000,3,2,15,House,1487m²,,,,0,
R 789 990,3,1,,House,,,,,0,
R 755 000,2,1,2,Apartment/Flat,,56m²,R824,R200,0,
R 2 650 000,3,2.5,2,House,1180m²,,,R2900,1,1.0
R 2 349 000,,,,Apartment/Flat,,78m²,R3600,,0,
R 630 000,1,1,,Townhouse,1166m²,34m²,R843,R875,1,0.0
R 16 000 000,42,42,36,House,1756m²,,,,0,
R 665 000,2,1,1,House,,51m²,R750,R1000,0,0.0
R 990 000,1,1,1,House,,75m²,R3200,R717,0,
R 2 500 000,3,3,2,House,743m²,,,,0,
R 2 200 000,3,2,2,House,509m²,,,,0,
R 770 000,3,1,7,House,770m²,165m²,,R439,0,
R 675 000,2,1,1,Apartment/Flat,51m²,51m²,R1261,R150,0,0.0
R 1 113 000,4,2.5,1,House,300m²,104m²,,R300,0,1.0
R 2 699 000,2,1,2,Apartment/Flat,,150m²,,,0,0.0
R 999 000,3,2,1,Apartment/Flat,,112m²,R1720,R587,0,
POA,,,,House,,,,,0,
R 4 298 000,3,2,8,House,1550m²,,,R1157,0,1.0
R 1 575 000,,,,,,,,,0,
R 2 350 000,4,5,2,House,,,R1200,R1200,0,
R 590 000,1,1,1,Apartment/Flat,1193m²,50m²,R1021,R390,1,0.0
R 3 999 000,3,4.5,3,House,495m²,,,R2429,0,1.0
R 950 000,3,1,3,House,475m²,,,,0,1.0
R 1 550 000,3,1,11,House,2023m²,,,R859,0,1.0
R 1 175 000,3,3,1,House,992m²,,,,0,
R 480 000,1,1,,Apartment/Flat,,50m²,,,0,
R 950 000,3,2,6,House,495m²,,,R291,0,
R 820 000,2,1,,House,413m²,,,R700,0,1.0
R 490 000,,,,Apartment/Flat,,,R800,,0,
R 4 799 999,4,5,3,House,1487m²,320m²,,R2030,1,1.0
R 1 200 000,4,2,3,House,495m²,,,R725,0,
R 300 000,3,1,,House,248m²,,,,0,0.0
R 685 000,2,1,2,Apartment/Flat,,49m²,R1900,R400,1,0.0
R 1 980 000,3,2,4,House,566m²,200m²,,R1860,1,1.0
R 620 000,1,1,1,Apartment/Flat,90000m²,52m²,R1873,R360,1,
R 10 720 000,4,5,3,House,925m²,513m²,,,0,1.0
R 775 000,3,1,1,House,496m²,,,R780,0,
R 999 950 - R 2 550 000,,,,,,,,,0,
R 655 000,2,1,1,Apartment/Flat,,50m²,R1200,R150,0,
R 8 950 000,5,4,4,House,698m²,479m²,,R4400,1,1.0
R 4 995 000,2,2,5,House,1239m²,1m²,,R3050,1,1.0
R 4 850 000,3,3,3,House,1313m²,1m²,,R2800,0,1.0
R 1 650 000,5,3,11,House,2023m²,500m²,,R990,1,1.0
R 6 995 000,3,2,3,House,,460m²,,R3574,0,1.0
R 6 488 900,2,2.5,2,Apartment/Flat,,82m²,R4013,,0,0.0
R 675 000,2,1,2,Apartment/Flat,,51m²,R750,R500,0,0.0
R 1 275 000,1,1,1,Apartment/Flat,,,R1360,R634,0,
R 1 025 000,1,1,1,Apartment/Flat,,,R1040,R463,0,
R 765 000,2,1,2,Apartment/Flat,,56m²,R750,R500,0,0.0
R 1 250 000,3,2,3,House,495m²,,,R911,1,1.0
R 895 000,1,1,1,Apartment/Flat,,,R920,R374,0,
R 4 090 000,3,3,3,Apartment/Flat,,,,,0,
R 1 290 000,1,1,1,Apartment/Flat,,,,,0,
R 1 390 000,3,2.5,2,Townhouse,5308m²,163m²,,R600,1,
R 2 299 000 - R 2 552 550,,,,,,,,,0,
R 755 000,2,1,1,Apartment/Flat,,51m²,R1250,R250,0,
R 1 399 000,2,1,1,Apartment/Flat,76m²,76m²,R3100,R800,1,0.0
R 42 000 000,,,,IndustrialProperty,6672m²,3789m²,,,0,
R 675 000,2,1,1,Apartment/Flat,,51m²,R750,R200,0,1.0
R 1 195 000,3,2,2,Townhouse,3806m²,95m²,R1930,R450,0,1.0
R 675 000,2,1,1,Apartment/Flat,,51m²,R750,R150,0,
R 1 195 000,4,2,2,House,734m²,231m²,,R700,0,1.0
R 1 499 000,4,3.5,1,Townhouse,5308m²,230m²,R2300,R922,1,
R 2 195 000,3,2,1,Apartment/Flat,,124m²,R3652,,1,
R 839 000,2,1,1,Apartment/Flat,75m²,56m²,R750,R200,0,1.0
R 2 250 000,2,2,3,Apartment/Flat,,101m²,R2912,R1062,0,1.0
R 4 950 000,2,2.5,2,Apartment/Flat,,141m²,R5541,R1500,1,0.0
R 705 000,2,1,1,Townhouse,12456m²,64m²,R1081,R353,1,0.0
R 2 195 000,3,2,2,House,2413m²,,,R1120,1,1.0
R 665 000,2,1,1,House,51m²,51m²,,,0,0.0
R 9 500 000,,,,IndustrialProperty,,1100m²,R9500000,,0,
R 2 499 000,6,6,12,House,1663m²,1675m²,,R1460,1,1.0
R 985 000,2,2,1,Apartment/Flat,,86m²,R1367,R785,1,1.0
R 6 350 000,3,2.5,2,House,996m²,,,R2800,1,
R 1 100 000,4,2,1,House,495m²,,,R585,0,1.0
R 6 500 000 - R 7 990 000,,,,,,,,,0,
R 5 499 000,5,4,3,House,1167m²,,R2500,,1,1.0
R 4 920 000,3,3,2,House,595m²,,R1682,R1507,1,1.0
R 1 595 000,3,2.5,2,House,672m²,200m²,,R850,1,1.0
R 1 150 000,1,1,1,Apartment/Flat,,88m²,R1803,R394,0,0.0
R 675 000,2,1,1,Apartment/Flat,51m²,51m²,R750,R180,0,
R 1 625 000,2,2,2,Townhouse,,82m²,,R750,0,1.0
R 4 600 000,4,,,House,496m²,497m²,,R1000,0,
R 1 950 000,5,3,7,House,715m²,,,R1080,0,
R 900 000,3,1,7,House,497m²,,,R535,0,1.0
R 665 000,2,1,1,Apartment/Flat,,51m²,R660,R180,0,
R 290 000,2.5,1,1,Apartment/Flat,,122m²,R1325,,0,0.0
R 1 495 000,2,2,2,House,495m²,,,R541,1,1.0
R 1 999 000,2,2.5,,Apartment/Flat,,116m²,R2800,R1230,0,
R 760 000,3,2,1,Townhouse,76m²,76m²,R1700,R440,0,0.0
R 900 000,3,2,2,House,84m²,84m²,R1900,R440,0,0.0
R 890 000,3,2,1,House,82m²,82m²,R2400,R440,0,0.0
R 3 700 000,5,4,2,House,640m²,325m²,R1785,R1272,0,1.0
R 755 000,2,1,1,Apartment/Flat,,56m²,R600,R200,0,
R 665 000,2,1,1,Apartment/Flat,51m²,51m²,R1261,R150,0,0.0
R 560 000,2,1,1,Townhouse,64m²,64m²,R1300,R326,0,0.0
R 1 199 000 - R 1 299 000,,,,,,,,,0,
R 910 500,3,2,1,House,300m²,59m²,,R300,0,1.0
R 755 000,2,1,1,Apartment/Flat,56m²,56m²,R1335,R150,0,0.0
R 7 935 000,,,,CommercialProperty,5811m²,529m²,R7935000,,0,
R 1 975 000,2,2,2,Apartment/Flat,152m²,152m²,R3004,R874,0,
R 665 000,2,1,1,Apartment/Flat,,51m²,R600,R200,0,
R 8 950 000,5,4,4,House,698m²,479m²,,R4476,1,
R 575 000,3,1,1,Apartment/Flat,,129m²,R1093,R182,0,
R 663 000,,,,CommercialProperty,5811m²,51m²,R663000,,0,
R 720 000,2,1,,Apartment/Flat,1616m²,41m²,R1300,R300,0,0.0
R 980 000,3,2,2,Townhouse,75m²,75m²,R2407,,0,0.0
POA,,,,VacantLand/Plot,2952m²,,R1,R1,0,
R 499 000,2,1,1,Townhouse,,69m²,R1400,R280,0,0.0
R 85 120 000,,,,CommercialProperty,2432m²,2432m²,R0,R0,0,
R 1 350 000,1,1,,Apartment/Flat,,60m²,R1370,R450,0,0.0
R 707 180 - R 751 950,,,,,,,,,0,
R 1 469 000,3,2,4,Apartment/Flat,,108m²,R1372,R363,0,
R 2 299 000,2,2,2,Apartment/Flat,5121m²,208m²,R2450,R3150,1,1.0
R 665 000,2,1,1,Apartment/Flat,,51m²,R600,R200,0,
R 675 000,2,1,1,Apartment/Flat,,51m²,R1250,R250,0,
R 7 590 000,,,,CommercialProperty,5811m²,506m²,R7590000,,0,
R 2 013 000,,,,CommercialProperty,5811m²,183m²,R2013000,,0,
R 4 095 000,,,,CommercialProperty,5811m²,315m²,R4095000,,0,
R 1 999 000,4,3,5,House,992m²,990m²,,R1008,1,1.0
R 610 000,1,1,1,Apartment/Flat,,48m²,R1200,R400,1,
R 2 795 000,3,2,2,Townhouse,,211m²,R3272,R1523,1,1.0
R 1 600 000,2,1,1,Apartment/Flat,4965m²,97m²,R3320,R800,1,
R 2 488 000,4,4,4,House,1450m²,,,R1257,1,1.0
R 765 000,2,1,1,Apartment/Flat,,56m²,R1250,R250,0,
POA,,,,CommercialProperty,1487m²,374m²,,R11080,0,
R 700 000,4,2,4,House,317m²,90m²,,R450,0,1.0
R 3 450 000,4.5,2.5,4,House,1040m²,480m²,,R1017,1,1.0
R 435 000,2,1.5,1,Apartment/Flat,,100m²,R2102,R74,0,0.0
R 1 149 000 - R 1 219 000,,,,,,,,,0,
R 689 000,2,1.5,2,Apartment/Flat,1011m²,90m²,R1390,R230,0,
R 4 455 000,2,2.5,2,Apartment/Flat,,113m²,R4520,R1575,1,0.0
R 1 599 000,8,4,,Apartment/Flat,,496m²,R1,R273,0,0.0
R 4 750 000,3,2,8,House,1980m²,400m²,,R3000,1,1.0
R 4 500 000,,,,IndustrialProperty,2685m²,1300m²,,,0,
R 2 400 000,5,2,2,House,995m²,,,R1067,1,
R 1 350 000,2,2.5,2,Apartment/Flat,146m²,146m²,R3040,R800,0,
R 1 150 000,2,1,1,Apartment/Flat,60m²,96m²,R538,R2273,1,0.0
R 427 000,2,1,2,Apartment/Flat,,79m²,R1486,R259,0,0.0
R 395 000,2,1,1,Apartment/Flat,8167m²,79m²,R1200,R300,1,0.0
R 4 000 000,,,,IndustrialProperty,1500m²,910m²,,,0,
R 2 750 000,4,2,2,House,1124m²,,,R1381,1,1.0
R 560 000,1,1,1,Apartment/Flat,499m²,39m²,R1700,,0,
R 1 799 000,3,2,1,House,1155m²,,,R600,1,1.0
R 800 000,2,1,2,Townhouse,,65m²,R1922,R500,0,
R 4 800 000,,,,CommercialProperty,270m²,270m²,,,0,
POA,,,,IndustrialProperty,715m²,,,R3100,0,
R 850 000,,,,VacantLand/Plot,1024m²,1024m²,,,0,
POA,2,1,5,House,350m²,88m²,,R450,0,1.0
R 4 990 000,,,,,,,,,0,
R 1 125 348,4,2.5,1,House,400m²,104m²,,R300,0,1.0
R 2 199 000,4,1.5,8,House,1134m²,,,R1300,1,1.0
R 699 000,3,2,2,Townhouse,,82m²,R1715,R400,1,0.0
R 300 000,2,1,3,House,77210m²,38m²,R574,R200,0,1.0
R 2 400 000,3,2,2,Townhouse,240m²,120m²,,,0,0.0
R 1 890 000,4,2,5,House,1170m²,,,R2500,0,
R 250 000,2,1.5,1,Apartment/Flat,,103m²,R2788,,0,0.0
R 2 395 000,3,2,3,House,383m²,,,R1651,1,1.0
R 730 000,1,1,1,Apartment/Flat,493m²,63m²,,,0,0.0
R 850 000,3,1.5,2,Townhouse,68m²,11881m²,R768,R480,0,
R 850 000,3,2,3,Townhouse,11029m²,67m²,R1700,R450,0,1.0
R 2 500 000,5,3,3,House,595m²,595m²,,R1148,1,1.0
R 180,1,1,,Apartment/Flat,2882m²,35m²,,,0,0.0
R 799 000,3,3,2,House,471m²,471m²,,R450,0,1.0
POA,,,,CommercialProperty,1484m²,,,,0,
R 975 000,1,1,1,Apartment/Flat,,58m²,R1890,R470,1,
R 1 900 000,3,2,2,House,991m²,225m²,,R745,1,1.0
R 2 370 500 - R 2 552 550,,,,,,,,,0,
POA,2,2,1,Apartment/Flat,,102m²,R2297,R180,0,
R 1 195 000,3,2,2,Townhouse,,97m²,R1352,R795,1,1.0
R 190 000,1,1,1,Apartment/Flat,,67m²,R1477,,0,0.0
R 820 000,3,1,,House,991m²,,,R990,0,
R 5 704 000,,,,CommercialProperty,192m²,,,,0,
R 1 800 000,3,2,6,House,720m²,,,R771,0,1.0
R 850 000,2,1,,Townhouse,11161ha,86m²,R1149,R480,0,
R 1 400 000,,,,CommercialProperty,750m²,750m²,,R1200,0,
R 900 000,3,2,1,Apartment/Flat,133m²,133m²,,,0,1.0
R 1 195 000,3,2,2,Townhouse,,97m²,R1352,R551,1,0.0
R 6 800 000,,,,IndustrialProperty,,1470m²,,,0,
R 1 990 900,3,3,2,Apartment/Flat,2000m²,174m²,R3600,R1750,1,0.0
R 45 000,,,,VacantLand/Plot,200m²,200m²,R500,,0,1.0
POA,2,1.5,2,Apartment/Flat,,95m²,R3140,R441,0,
R 900 000,1,1,1,Apartment/Flat,,51m²,R2298,R363,1,0.0
R 600 000,2,1,1,Townhouse,,63m²,R790,R545,1,
R 435 000,1,1,,Apartment/Flat,1000m²,29m²,R850,R300,0,
R 750 000,3,2,1,Apartment/Flat,69m²,69m²,R2500,R300,0,0.0
R 629 000,,,,,,,,,0,
R 3 900 000,3,2,2,House,,,,,0,1.0
R 950 000,2,1,2,Townhouse,8000m²,70m²,R1650,R640,1,
R 395 000,1,1,1,Apartment/Flat,,34m²,R1750,R839,0,0.0
R 2 649 000,5,4,6,House,1041m²,,,R850,1,
R 5 055 000,,,,CommercialProperty,5811m²,337m²,,,0,
R 4 004 000,,,,CommercialProperty,5811m²,308m²,,,0,
R 6 864 000,,,,CommercialProperty,5811m²,528m²,,,0,
R 5 499 999,,,,IndustrialProperty,3000m²,800m²,,,0,
R 520 000,1,1,2,Apartment/Flat,,78m²,R1300,R403,0,
R 1 710 000,,,,CommercialProperty,5811m²,114m²,,,0,
R 6 000 000,,,,IndustrialProperty,3400m²,2800m²,,,0,
R 1 600 000,2,1,1,Apartment/Flat,2535m²,96m²,R960,,0,
R 850 000,3,2,2,House,250m²,70m²,,R500,0,1.0
R 2 250 000,3,2,1,Apartment/Flat,2451m²,141m²,R4158,R1376,0,
R 6 000 000,,,,IndustrialProperty,1400m²,1400m²,,,0,
R 2 385 000,,,,CommercialProperty,5811m²,159m²,,,0,
R 2 775 000,,,,CommercialProperty,5811m²,185m²,,,0,
R 1 005 000 - R 1 355 000,,,,,,,,,0,
R 2 970 000,,,,CommercialProperty,5811m²,198m²,,,0,
R 3 195 000,,,,CommercialProperty,5811m²,213m²,,,0,
R 2 790 000,,,,CommercialProperty,5811m²,186m²,,,0,
R 2 385 000,,,,CommercialProperty,5811m²,159m²,,,0,
R 580 000,2,1,1,Apartment/Flat,53m²,53m²,R1374,R267,0,0.0
R 665 000,2,1,1,Apartment/Flat,,51m²,R600,R200,0,
R 2 495 000,2,2,2,Townhouse,,185m²,R3035,R1500,0,1.0
R 950 000,2,1,3,House,550m²,,,R180,0,1.0
R 699 000,2,1,2,Townhouse,,96m²,R1200,R250,0,
R 1 250 000,6,4,5,House,495m²,495m²,,R455,0,1.0
R 1 474 000,,,,CommercialProperty,5811m²,134m²,,,0,
R 4 000 000,,,,VacantLand/Plot,,,,,0,
R 740 000,1,1,2,Apartment/Flat,,80m²,R2500,R750,0,0.0
R 3 790 000,3,3.5,6,House,1086m²,451m²,,R2467,1,
R 5 195 000,4,4.5,4,House,2065m²,499m²,,R2852,1,1.0
R 350 000,3,1,1,Apartment/Flat,,89m²,R2051,R1,0,
R 599 000 - R 750 000,,,,,,,,,0,
R 1 014 523,3,2,1,House,300m²,84m²,,R600,0,1.0
R 5 399 000,2,2.5,2,Apartment/Flat,,156m²,R5186,,1,
R 5 000 000,4,3,8,House,508ha,200m²,,R5257,0,1.0
R 1 850 000,2,2,1,Apartment/Flat,,115m²,R2950,R1500,1,
R 999 000,5,2,8,House,600m²,,,R490,1,
R 290 000,1,1,1,Apartment/Flat,496m²,50m²,R674,,0,
R 850 000,1,1,1,Apartment/Flat,,44m²,R2298,R363,1,0.0
R 1 890 000,1,2,1,Apartment/Flat,3000m²,112m²,R4000,R2000,0,1.0
R 1 599 000,3,2,4,House,495m²,,,R720,1,0.0
POA,4,3,3,House,1487m²,,,R764,1,
R 950 000,3,2,2,House,,496m²,,R800,1,1.0
R 1 990 900,1,2,1,Apartment/Flat,2500m²,129m²,R3561,R3120,0,1.0
R 1 800 000,2,2,1,Apartment/Flat,,90m²,,,1,
R 4 500 000,,,,IndustrialProperty,1200m²,824m²,,,0,
R 675 000,2,1,2,Apartment/Flat,,51m²,R824,R200,0,
R 3 370 000,4,2.5,4,House,1380m²,350m²,R1,R1895,1,1.0
POA,,,,IndustrialProperty,1539m²,1539m²,,R1,0,
R 4 320 000,,,,IndustrialProperty,3600m²,3600m²,,,0,
R 8 317 400,,,,IndustrialProperty,6398m²,6300m²,,,0,
R 2 368 000,1,1,1,Apartment/Flat,,55m²,R3234,R1420,1,1.0
R 680 000,1,1,,Apartment/Flat,,68m²,R2548,R1391,0,0.0
R 6 950 000,5,4,5,House,1003m²,,,R3234,1,
R 35 000 000,,,,CommercialProperty,1998m²,1998m²,,,0,
R 839 000,2,1,2,Apartment/Flat,,56m²,R750,R500,0,0.0
R 1 250 000,3,1,2,House,495m²,,,R1800,1,1.0
R 755 000,,,,Apartment/Flat,,51m²,R750,R500,0,0.0
R 665 000,2,1,1,House,51m²,51m²,R1200,R250,0,
R 650 000,2,2,1,Apartment/Flat,70m²,70m²,R991,R400,0,1.0
R 1 052 808,3,2,,House,300m²,93m²,,R400,0,
R 3 250 000,3,3.5,2,House,480m²,,R1265,,1,
R 3 200 000,8,6,,House,1509m²,,,R2935,0,
R 3 250 000,3,4,3,House,1490m²,450m²,,R1585,1,1.0
R 930 000,2,2,1,Apartment/Flat,,70m²,,,0,
R 599 999,1,1,1,Townhouse,,52m²,R1044,R330,0,0.0
R 545 000,3,1,1,House,350m²,69m²,,R594,0,1.0
R 6 406 110,,,,CommercialProperty,,560m²,,,0,
R 679 000,3,1.5,3,House,366m²,,,R343,0,
R 755 000,2,1,2,Apartment/Flat,,51m²,R750,R500,0,0.0
R 755 000,2,1,1,Apartment/Flat,,56m²,R1250,R250,0,
R 3 300 000,,,,VacantLand/Plot,4047m²,,,,0,
R 755 000,2,1,2,Apartment/Flat,,51m²,R750,R500,0,0.0
R 1 175 000,2,1,1,Townhouse,4361m²,96m²,,R634,0,0.0
R 899 000,2,1,2,Apartment/Flat,,89m²,R1610,R450,1,
R 675 000,1,1,1,Townhouse,12447m²,50m²,R780,R1921,1,0.0
R 1 550 000,2,2,3,Townhouse,25583m²,97m²,R2594,R959,1,1.0
R 1 200 000,3,2,5,House,496m²,,,R500,0,1.0
R 1 350 000,3,2,2,Apartment/Flat,,82m²,,,1,0.0
R 519 995,0.5,1,1,Apartment/Flat,6354m²,32m²,R1100,R300,1,0.0
R 839 000,2,1,2,Apartment/Flat,,56m²,R750,R500,0,0.0
R 755 000,2,1,1,Apartment/Flat,56m²,56m²,R750,R180,0,
R 1 780 000,4,3,2,House,775m²,,,,1,1.0
R 1 250 000,1,1,1,Townhouse,22705m²,70m²,R2072,R747,1,1.0
R 880 000,1,1,,Apartment/Flat,,46m²,R2094,R638,1,
R 800 000,,,,VacantLand/Plot,1350m²,,,,0,
R 1 500 000,4,3,2,House,1189m²,,,R670,0,1.0
R 1 149 000,2,2,1,Apartment/Flat,1m²,1m²,R1610,R500,0,0.0
POA,,,,CommercialProperty,2970m²,2970m²,R1,R1,0,
POA,,,,CommercialProperty,992m²,2207m²,,R9265,0,
R 1 700 000,2,1,2,Apartment/Flat,,136m²,R2400,R800,0,
R 755 000,2,1,2,Apartment/Flat,,51m²,R750,R500,0,0.0
R 755 000,2,1,2,Apartment/Flat,,56m²,R750,R500,0,0.0
R 665 000,3,2,1,Townhouse,22301m²,76m²,R1390,R159,0,
R 1 295 000,3,1,2,House,495m²,,,R550,1,1.0
R 1 895 000,2,2,2,Apartment/Flat,,155m²,R4400,R930,1,1.0
R 1 700 000,4,3,1,House,248m²,248m²,,R1562,0,0.0
R 2 499 000,4,2.5,2,House,698m²,,,R1736,0,1.0
R 495 000,1,1,,Apartment/Flat,,60m²,R1687,R1235,0,0.0
R 2 195 000,3,3.5,4,House,595m²,,,R750,0,
R 695 000,1,1,,Apartment/Flat,,83m²,R2508,R359,0,0.0
R 3 000 000,3,2,2,Townhouse,,295m²,,R1937,0,
R 765 000,2,1,1,Apartment/Flat,,56m²,R750,R1000,0,0.0
R 665 000,2,1,2,Apartment/Flat,,51m²,R750,R200,0,
R 849 000,2,1,,Townhouse,70m²,,R1350,R496,0,
R 665 000,2,1,1,Apartment/Flat,,51m²,R660,R180,0,
R 699 000,2,1,1,Townhouse,96m²,1273m²,R100,R350,0,
R 2 800 000,6,2.5,3,House,1207m²,550m²,,R1700,0,1.0
R 5 995 000,4,4,2,House,630m²,568m²,R1757,R2471,1,
R 849 000,3,2,3,House,467m²,300m²,,,0,
R 839 000,2,1,1,Apartment/Flat,,56m²,R808,R200,0,
R 2 200 000,2,2,2,House,770m²,,,R700,0,
R 7 500 000,,,,CommercialProperty,1395m²,,,,0,
R 755 000,2,1,2,Apartment/Flat,,56m²,R750,R500,0,0.0
R 755 000,2,1,1,Apartment/Flat,,56m²,R700,R200,0,
R 675 000,2,1,1,Apartment/Flat,51m²,51m²,R750,R180,0,
R 755 000,2,1,1,Apartment/Flat,56m²,56m²,R824,R234,0,
R 755 000,2,1,1,Apartment/Flat,,51m²,R1100,R150,0,1.0
R 460 000,2,1,1,Apartment/Flat,,,,R330,0,1.0
R 10 500 000,,,,CommercialProperty,12058m²,,,,0,
R 599 000,1,1,1,Apartment/Flat,,52m²,R2083,R390,1,
R 2 499 900 - R 3 099 900,,,,,,,,,0,
R 625 000,,,,Farm,,,,R600,0,
R 1 450 000,4,3,10,House,1440m²,,,,1,
R 665 000,2,1,,Apartment/Flat,,51m²,R1200,R165,0,
R 665 000,2,1,2,Apartment/Flat,,51m²,R750,R500,0,0.0
R 2 300 000,3,2,3,House,990m²,990m²,,,0,
R 1 750 000,,,,CommercialProperty,495m²,350m²,,,0,
R 1 580 000,3,2.5,3,House,495m²,395m²,,R416,0,1.0
R 755 000,2,1,2,Apartment/Flat,,56m²,R750,R500,0,0.0
R 5 995 000,4,3,5,House,1487m²,,,R2467,1,1.0
R 6 495 000,3,3,5,House,2023m²,,,R4088,1,1.0
R 670 000,2,2,2,Townhouse,17315m²,69m²,R1200,R420,0,0.0
R 1 260 000,4,2,1,House,495m²,,,R496,0,1.0
R 2 475 000,2,2,1,Apartment/Flat,,127m²,R3575,R1373,1,
R 3 850 000,3,2,6,House,340m²,280m²,R3890,R2250,1,1.0
R 3 999 000 - R 4 249 000,,,,,,,,,0,
R 839 000,2,1,1,Apartment/Flat,75m²,56m²,R750,R150,0,1.0
R 4 550 000,4,3,4,House,957m²,310m²,,,1,1.0
R 755 000,2,1,1,Apartment/Flat,,56m²,R800,R300,0,
R 1 699 000,3,2,4,House,,246m²,R2400,R1280,0,
R 999 000,4,3,5,House,458m²,,,,0,1.0
R 665 000,2,1,2,Apartment/Flat,,51m²,R750,R200,0,
R 2 850 000,3,2,3,House,743m²,,,R1471,1,1.0
R 1 700 000,2,2,2,Apartment/Flat,,97m²,R2616,R1400,1,1.0
R 765 000,2,1,1,Apartment/Flat,,56m²,R700,R200,0,
R 1 095 000,3,2,2,House,450m²,,,R1800,0,1.0
R 755 000,2,1,2,Apartment/Flat,,56m²,R750,R500,0,0.0
R 950 000,4,1,2,House,476m²,,,R602,0,
R 755 000,2,1,2,Apartment/Flat,,56m²,R750,R500,0,0.0
R 839 000,2,1,2,Apartment/Flat,,56m²,R750,R500,0,0.0
R 2 350 000,1,1,2,House,495m²,,,,0,
R 995 000,,,,House,485m²,,,,0,
R 839 000,2,1,2,Apartment/Flat,,56m²,R824,R200,0,
R 700 000,2,1,2,Townhouse,,77m²,R1412,R137,1,0.0
R 5 895 000,4,3,8,House,880m²,550m²,R2000,R3200,1,0.0
R 2 700 000,1,1,1,Apartment/Flat,113m²,52m²,R2300,R1900,1,0.0
R 850 000,1,1,1,Apartment/Flat,,44m²,R2298,R363,1,0.0
R 8 000 000,,,,IndustrialProperty,4500m²,4500m²,,,0,
R 1 650 000,2,2,,Apartment/Flat,,135m²,R3596,R366,0,
R 405 000,1,1,,Apartment/Flat,1000m²,26m²,R760,R200,0,
R 750 000,3,2,5,House,77210m²,109m²,R1069,R385,0,1.0
R 755 000,2,1,1,Apartment/Flat,,51m²,R700,R180,0,
R 675 000,2,1,2,Apartment/Flat,,51m²,R750,R200,0,
R 755 000,2,1,2,Apartment/Flat,,51m²,R750,R500,0,0.0
R 755 000,2,1,2,Apartment/Flat,,56m²,R750,R500,0,0.0
R 750 000,1,1,,Apartment/Flat,,68m²,R2999,R425,0,0.0
R 755 000,2,1,2,Apartment/Flat,,56m²,R824,R200,0,
R 755 000,2,1,1,Apartment/Flat,,51m²,R700,R200,0,
R 6 500 000,4,2.5,7,House,1985m²,,,R3847,1,1.0
R 3 500 000,3,2,2,Apartment/Flat,,221m²,R7220,R2250,1,
R 4 950 000,3,2,3,House,1018m²,,,R2750,1,
R 4 500 000,,,,CommercialProperty,1012m²,,,,0,
R 570 000,2,1,1,Townhouse,,64m²,R1460,R259,0,0.0
R 755 000,2,1,1,Apartment/Flat,,51m²,R700,R180,0,
R 675 000,2,1,1,Apartment/Flat,,51m²,R750,R200,0,
R 4 295 000,8,8,5,House,833m²,,,R930,1,
R 675 000,2,1,2,Apartment/Flat,,51m²,R824,R200,0,
R 765 000,2,1,2,Apartment/Flat,,56m²,R750,R500,0,0.0
R 1 650 000,3,2,1,Townhouse,,126m²,R3129,R670,0,1.0
R 40 000 000,,,,CommercialProperty,633m²,3000m²,,,0,
POA,,,,CommercialProperty,495m²,,,,0,
R 615 000,1,1,1,Apartment/Flat,,50m²,R2000,R814,0,0.0
R 849 000,3,2,6,House,601m²,,,R432,0,
R 795 000,1,1,1,Apartment/Flat,59m²,2073m²,R1670,R41639,0,
R 41 999 950,,,,IndustrialProperty,16945m²,8560m²,,,0,
R 675 000,2,1,1,Apartment/Flat,,51m²,R1250,R250,0,
R 650 000,1,1,,Apartment/Flat,,75m²,R2084,R330,0,0.0
R 3 095 000,4,2.5,2,House,743m²,,,R1759,0,1.0
R 340 000,0.5,1,,Apartment/Flat,500m²,30m²,R2300,R900,0,0.0
POA,9,7,10,House,1260m²,720m²,,R450,0,1.0
R 1 200 000,3,2,2,Townhouse,95m²,,R1800,,1,0.0
R 6 750 000,,,,IndustrialProperty,4142m²,2674m²,,,0,
R 2 500 000 - R 4 300 000,,,,,,,,,0,
R 380 000,2,1,1,Apartment/Flat,2354m²,102m²,R1500,,0,
R 600 000,2,1,,Apartment/Flat,655m²,46m²,R1800,R800,0,
R 839 000,2,1,1,Apartment/Flat,,56m²,R800,R300,0,
R 755 000,2,1,2,Apartment/Flat,,51m²,R750,R200,0,
R 1 250 000,4,2,2,House,682m²,,,R351,0,
R 3 000 000,4,4,4,Apartment/Flat,10000m²,201m²,R2450,R700,0,1.0
R 799 000,5,2.5,1,House,390m²,,,R866,0,
R 765 000,2,1,1,Apartment/Flat,,56m²,R1100,R150,0,0.0
R 950 000,2,1,,Townhouse,,,R1650,R640,1,
R 665 000,2,1,1,Apartment/Flat,,51m²,R1100,R150,0,0.0
R 229 000,1,1,1,Apartment/Flat,48m²,1240m²,R673,,0,
R 1 200 000,2,1,2,House,496m²,,,R686,1,1.0
R 839 000,,,,Apartment/Flat,,56m²,R808,,0,
R 4 950 000,3,2.5,4,Townhouse,485m²,250m²,R1200,R3725,0,0.0
R 729 000,3,2,2,Townhouse,,69m²,,,0,0.0
R 980 000,4,2,6,House,1050m²,,,R800,0,
R 1 250 000,3,1,3,House,495m²,,,R960,0,1.0
R 1 490 000,2,2,,House,,,,R567,0,
R 300 000,1,1,,Apartment/Flat,,41m²,R1500,R300,0,
R 2 299 000,3,2,2,House,2164m²,,,R850,1,1.0
R 750 000,2,1,,Apartment/Flat,655m²,45m²,R2100,R624,1,0.0
R 839 000,2,1,1,Apartment/Flat,,56m²,R800,R300,0,
R 780 000,2,2,,Apartment/Flat,,,R1350,R450,0,
R 755 000,2,1,2,Apartment/Flat,,56m²,R750,R500,0,0.0
R 2 700 000,3,2,2,Townhouse,165m²,122m²,R3000,R1500,0,0.0
R 520 000,1,1,2,Apartment/Flat,78m²,78m²,R1520,R550,0,
R 849 000,2,1,1,Apartment/Flat,,102m²,R1828,,1,0.0
R 675 000,2,1,1,Apartment/Flat,51m²,51m²,R750,R180,0,
R 4 200 000,4,2.5,2,House,504m²,286m²,R3890,R2794,1,1.0
R 699 000,2,1,2,House,200m²,50m²,,R500,0,1.0
R 675 000,2,1,1,Apartment/Flat,51m²,51m²,R750,R180,0,
R 675 000,2,1,2,Apartment/Flat,,51m²,R750,R500,0,0.0
R 899 000,3,1,2,House,450m²,150m²,,R700,0,1.0
R 3 500 000,3,5,9,House,2487ha,,,R1500,0,
R 1 750 000,2,3,,Apartment/Flat,,139m²,R3640,R369,0,
R 3 400 000,2,2,2,Apartment/Flat,113m²,113m²,R3656,R2540,0,0.0
R 1 250 000,3,2,2,Apartment/Flat,380m²,,,R500,0,
R 3 900 000,4,3,2,House,1011m²,230m²,,R2103,0,1.0
R 1 439 000 - R 1 458 000,,,,,,,,,0,
R 1 575 000,3,2,,Townhouse,,107m²,R1366,R871,0,
R 4 400 000,4,4,2,House,1905m²,,,R2500,0,
R 799 000,5,1.5,2,Apartment/Flat,8167m²,257m²,R325,R1420,1,0.0
R 5 499 000,5,3,2,House,741m²,515m²,R2800,R2400,1,
R 6 700 000,4,6,4,House,1781m²,,,R4555,1,
R 1 249 000,4,2,2,House,693m²,,,R1828,1,1.0
R 2 650 000,,,,CommercialProperty,1000m²,,,,0,
R 755 000,2,1,2,Apartment/Flat,,51m²,R750,R500,0,0.0
R 495 000,1,1,,Apartment/Flat,,45m²,,,1,
R 839 000,2,1,1,Apartment/Flat,,56m²,R1250,R250,0,
R 1 695 000,3,2,4,Townhouse,,313m²,R2774,R950,0,1.0
R 765 000,2,1,1,Apartment/Flat,,56m²,R1250,R250,0,
R 1 295 000,5,2,2,House,600m²,,,,1,
R 3 995 000,5,3.5,3,House,1487m²,660m²,,R3800,1,1.0
R 1 660 000,3,2,1,House,612m²,612m²,,R619,0,1.0
R 1 050 000,5,2,5,House,400m²,,,R500,0,
R 1 100 000,2,1,1,Apartment/Flat,,84m²,,,0,
R 1 200 000,3,2,,Townhouse,10838m²,98m²,R1500,R550,0,
R 2 250 000,2,2,,Apartment/Flat,,84m²,R2908,R1741,0,
POA,2,2,1,Apartment/Flat,,102m²,R2297,R180,0,
R 750 000,2,1,1,Apartment/Flat,,85m²,R1200,R450,1,
R 1 799 000,9,4,5,House,612m²,,,R1000,0,
R 2 400 000,3,2.5,3,House,991m²,350m²,,R1270,1,1.0
R 5 890 000,4,3.5,2,House,1980m²,,,R2284,1,1.0
R 665 000,2,1,1,Apartment/Flat,,51m²,R600,R200,0,
R 2 299 000,5,2,3,House,1000m²,,,R800,0,
R 755 000,2,1,1,House,,51m²,R750,R350,0,0.0
R 800 000,1,1,1,Apartment/Flat,,54m²,R1645,R960,1,1.0
R 839 000,2,1,1,Apartment/Flat,56m²,56m²,R750,R180,0,
R 1 799 000,3,2,2,House,945m²,350m²,,,0,
R 1 350 000,,,,IndustrialProperty,495m²,400m²,,,0,
R 4 950 000,4,3,6,House,679m²,329m²,,R3056,1,1.0
R 755 000,2,1,2,Apartment/Flat,,56m²,R750,R500,0,0.0
R 1 680 000,2,2,1,Apartment/Flat,2770m²,97m²,R3086,R1318,1,0.0
R 1 750 000,12,8,,House,495m²,,,,0,0.0
R 665 000,2,1,1,Apartment/Flat,51m²,51m²,R1200,R250,0,
R 13 000 000,,,,IndustrialProperty,7175m²,7175m²,,,0,
R 1 300 000,3,2,8,House,712m²,,,R558,0,
R 728 000,3,2,2,Townhouse,,70m²,,R1200,0,0.0
R 985 000,3,2,1,House,377m²,,,,0,1.0
R 765 000,2,1,1,Apartment/Flat,,56m²,R1100,R150,0,0.0
R 3 999 000,3,3,2,House,3718m²,,,,1,
R 665 000,2,1,1,Apartment/Flat,,51m²,R600,R200,0,
R 755 000,2,1,1,Apartment/Flat,,56m²,R600,R200,0,
R 665 000,2,1,1,Apartment/Flat,,51m²,R600,R200,0,
R 675 000,2,1,1,Apartment/Flat,,51m²,R1100,R150,0,0.0
R 765 000,2,1,1,Apartment/Flat,56m²,56m²,R830,R234,0,
R 839 000,2,1,1,Apartment/Flat,,56m²,R808,R200,0,
R 1 350 000,1,1,1,Apartment/Flat,,105m²,R2285,R662,0,
R 269 900,,1,1,Apartment/Flat,,24m²,R1279,,0,
R 1 395 000,,,,CommercialProperty,1138m²,,,R1645,0,
R 1 690 000,2,1.5,2,House,1154m²,153m²,,,0,1.0
R 3 765 000,2,2,,Apartment/Flat,75.3m²,75m²,R2800,,0,
R 2 850 000,3,2,2,House,496m²,,,R1175,1,1.0
R 850 000,2,1,1,House,251m²,,,R616,0,1.0
R 755 000,2,1,1,Townhouse,,51m²,R1200,R165,0,
R 1 650 000,,,,IndustrialProperty,222m²,,,,0,
R 420 000,1,1,1,Apartment/Flat,1016m²,45m²,R1400,R200,0,0.0
R 665 000,2,1,1,Apartment/Flat,51m²,51m²,R800,R300,0,0.0
R 600 000,2,2,,Apartment/Flat,,68m²,R1156,R300,1,0.0
R 840 000,,,,IndustrialProperty,147m²,,,,0,
R 1 795 000,2,2,1,Apartment/Flat,,87m²,,R1259,1,
R 850 000,2,1.5,2,Townhouse,,57m²,R1735,R617,1,0.0
R 2 399 000,5,3,4,House,1026m²,220m²,,R1375,1,1.0
R 1 300 000,4,3,10,House,496m²,,,R950,0,1.0
R 755 000,2,1,1,Apartment/Flat,,56m²,R600,R200,0,
R 755 000,2,1,1,Apartment/Flat,,56m²,R600,R200,0,
R 900 000,2,2,3,Townhouse,496m²,126m²,R1973,R288,0,
R 10 000 000,,,,CommercialProperty,5300m²,,,,0,
R 1 690 000,4,1,1,House,495m²,,,,0,
R 400 000,2.5,1,,Apartment/Flat,,113m²,R1505,,0,0.0
R 415 000,3,1.5,,Apartment/Flat,,144m²,R3354,,0,0.0
R 1 100 000,4,1,9,House,511m²,190m²,,R450,0,1.0
R 665 000,2,1,1,House,,51m²,R750,R150,0,
R 1 475 000,3,2,2,Apartment/Flat,,103m²,R2300,R720,1,1.0
R 520 000,3,1,2,Townhouse,,,,R300,0,0.0
R 2 649 000,2,2,2,Apartment/Flat,,196m²,R5100,R1645,1,1.0
R 600 000,2,1,1,Townhouse,35848m²,74m²,,R550,1,0.0
R 665 000,3,2,2,Townhouse,22301m²,76m²,R1000,R392,0,
R 1 399 000,4,2,7,House,727m²,260m²,,,0,1.0
R 765 000,2,1,1,Apartment/Flat,,56m²,R1300,R150,0,
R 1 950 000,2,2,2,Apartment/Flat,,78m²,,,0,0.0
R 3 500 000,3,2,3,House,,,,R2117,0,1.0
R 998 000,2,2,2,Apartment/Flat,36749m²,84m²,R1548,R500,1,0.0
R 635 000,1,1,1,Apartment/Flat,,,R1600,R360,1,
R 1 350 000,1,1.5,1,Apartment/Flat,,95m²,R2000,,1,
R 3 850 000,3,3,5,House,787m²,354m²,,R2912,1,1.0
R 1 700 000,3,1,2,House,1388m²,,,R395,0,
R 665 000,2,1,1,Apartment/Flat,,51m²,R600,R200,0,
R 755 000,2,1,1,Apartment/Flat,,56m²,R600,R200,0,
R 1 399 999,2,2.5,4,Townhouse,132m²,132m²,R2200,R1201,0,1.0
R 3 200 000,,,,IndustrialProperty,,2416m²,,,0,
R 2 999 000,7,4,,House,1487m²,,,,1,1.0
R 1 700 000,2,2,2,Apartment/Flat,,114m²,R3672,R1394,1,
R 1 175 000,2,2,2,Townhouse,,100m²,R1985,R700,0,0.0
R 765 000,2,2,1,Townhouse,4036m²,85m²,R2100,R223,1,0.0
R 2 350 000,4,2,2,Apartment/Flat,,173m²,R2450,R993,0,1.0
R 950 000,1,1,1,Apartment/Flat,,,R1600,,0,0.0
R 665 000,2,1,1,Apartment/Flat,,51m²,R660,R180,0,
R 98 000 000,,,,CommercialProperty,4500m²,,,,0,
R 525 000,2,1,1,Apartment/Flat,12456m²,65m²,,R1500,1,1.0
R 530 000,2,1,1,Townhouse,,61m²,R900,R250,1,0.0
R 1 195 000,3,2,1,Apartment/Flat,,,R1352,R551,0,
R 42 000 000,,,,IndustrialProperty,6800m²,6800m²,R1,R1,0,
R 570 000,,,,,,,,,0,
R 990 000,3,2,1,Townhouse,2394m²,113m²,R2300,R350,0,
POA,,,,CommercialProperty,,447m²,,,0,
POA,,,,CommercialProperty,,4696m²,,,0,
R 3 990 000,4,2.5,2,House,,,,,1,
R 850 000,3,1,,House,983m²,,,,0,
R 950 000,2,1,1,Apartment/Flat,,,R1650,R640,0,
R 711 500,2,1,,House,200m²,50m²,,R500,0,1.0
R 675 000,2,1,1,Apartment/Flat,,51m²,R1100,R150,0,0.0
R 300 000,1,1,,Apartment/Flat,,77m²,R750,,0,0.0
R 1 300 000,3,2,4,House,495m²,250m²,,R706,1,1.0
R 836 770,2,1,,House,150m²,50m²,,R300,0,1.0
R 4 500 000,,,,CommercialProperty,546m²,550m²,,R9000,0,
R 1 100 000,4,1,3,House,495m²,,,R500,0,1.0
R 784 300,3,2,1,House,180m²,70m²,,R300,0,1.0
R 1 057 000,1,1.5,1,Apartment/Flat,104m²,104m²,R2200,R930,0,1.0
R 2 950 000,6,5,5,House,496m²,800m²,,R800,0,0.0
R 720 000,2,1,2,Apartment/Flat,15635m²,61m²,R1354,R357,0,
R 975 000,1,1,1,Apartment/Flat,,58m²,R2859,R480,1,0.0
R 3 355 000 - R 3 730 000,,,,,,,,,0,
R 755 000,2,1,1,Apartment/Flat,,755000m²,R600,R200,0,
R 665 000,2,1,1,Apartment/Flat,,51m²,R600,R200,0,
R 755 000,2,1,1,Apartment/Flat,,56m²,R600,R200,0,
R 755 000,2,1,2,Apartment/Flat,,51m²,,,0,
R 890 000,1,1,1,Apartment/Flat,,76m²,,,1,0.0
R 4 250 000,5,3,3,House,495m²,,,R1753,0,1.0
R 600 000,2,1,2,Townhouse,,58m²,R1546,R400,0,0.0
R 784 250,3,2,,House,200m²,70m²,,R300,0,1.0
R 1 949 000,6,4,,House,991m²,380m²,,R700,0,
R 200 000,1,1,1,Apartment/Flat,,83m²,R768,R287,0,1.0
R 755 000,2,1,2,Apartment/Flat,,51m²,,,0,
R 1 350 000,1,1,1,Apartment/Flat,,78m²,,,0,0.0
R 3 500 000,,,,CommercialProperty,,,,,0,
R 720 000,2,1,2,Apartment/Flat,,67m²,,,0,
R 1 270 000,2,2,1,Apartment/Flat,10390m²,101m²,R2100,R700,1,
R 970 000,3,2,1,House,307m²,,,,0,1.0
R 2 499 000,3,2,4,House,1923m²,,,,1,
R 755 000,2,1,1,Apartment/Flat,,56m²,R1250,R250,0,
R 1 699 900 - R 2 399 900,,,,,,,,,0,
R 530 000,2,1,,Townhouse,35055ha,58m²,R1700,,0,
R 650 000,2,2,3,Townhouse,,102m²,R1198,R320,1,1.0
R 1 190 000,1,1,1,Apartment/Flat,,74m²,R2977,R845,1,
R 920 000,3,2,5,House,595m²,,,R500,0,0.0
R 600 000,1,1,,Apartment/Flat,,38m²,,R380,0,
R 1 125 348,3,3,1,House,300m²,104m²,,R300,0,1.0
R 900 000,3,2,1,House,400m²,400m²,,R541,0,
POA,,,,CommercialProperty,,1341m²,,,0,
R 1 820 000,2,2,1,Apartment/Flat,,123m²,R3084,,1,
R 3 499 000,2,2,2,Apartment/Flat,3048m²,225m²,,R1812,0,0.0
R 6 495 000,4,2,4,House,1985m²,550m²,,R4200,1,1.0
R 665 000,2,1,1,Apartment/Flat,51m²,51m²,R750,R180,0,
R 2 399 000,,,,VacantLand/Plot,900m²,,,,0,
R 665 000,,,,Apartment/Flat,,51m²,R600,,0,
R 755 000,2,1,1,Apartment/Flat,,56m²,R600,R200,0,
R 675 000,2,1,1,Apartment/Flat,,51m²,R1200,R300,0,0.0
R 775 000,1,1,1,Apartment/Flat,59m²,59m²,,R1746,1,0.0
R 500 000,0.5,1,,Apartment/Flat,725m²,39m²,R1050,R300,0,0.0
R 2 500 000,3,2,2,House,1215m²,370m²,,R2077,0,
R 1 100 000,1,1,1,Townhouse,,57m²,R1813,R845,0,
R 665 000,2,1,1,Apartment/Flat,,51m²,R1300,R200,0,
R 3 995 000,5,3.5,3,House,1487m²,660m²,,R2200,1,
R 1 399 000,2,2,1,Apartment/Flat,,82m²,R3000,R950,0,0.0
R 1 785 260,3,2,2,House,250m²,142m²,R800,R850,0,1.0
R 4 990 000,4,4,4,House,496m²,588m²,,R1808,1,
R 3 950 000,,,,CommercialProperty,708m²,708m²,,,0,
R 565 000,3,1,1,Apartment/Flat,,116m²,R983,R154,0,
R 1 150 000,2,1.5,1,Apartment/Flat,,71m²,R2650,R771,0,
R 3 695 000,3,2,2,Apartment/Flat,,158m²,R3210,R1652,1,1.0
R 799 000,2,2,2,Townhouse,32354m²,96m²,R2125,R476,1,1.0
R 765 000,2,1,2,Apartment/Flat,,51m²,R750,R500,0,0.0
R 2 495 000,3,2.5,2,Apartment/Flat,12163m²,211m²,,R1500,0,
R 2 375 000,2,2,1,Apartment/Flat,5789m²,146m²,R5943,R1495,1,
R 2 740 000,4,3.5,3,House,496m²,250m²,,R1470,1,1.0
R 899 000,4,2,2,House,600m²,600m²,,R414,0,1.0
R 540 000,1,1,3,Apartment/Flat,1679m²,98m²,R3479,R621,0,
R 699 000,2,1,1,Townhouse,1273m²,96m²,R1200,R250,0,
R 850 000,2,1,1,Apartment/Flat,,72m²,,R612,0,1.0
POA,5,3,7,House,496m²,230m²,,R450,0,1.0
R 2 495 000,,,,VacantLand/Plot,820m²,,,,0,
R 4 500 000,3,2,2,House,1088m²,420m²,,R1715,1,
R 720 000,2,1,1,Apartment/Flat,,79m²,R2300,R388,1,0.0
R 1 490 000,3,2,1,House,396m²,,,R736,1,1.0
R 665 000,2,1,1,Apartment/Flat,,51m²,R1250,R250,0,0.0
R 1 880 000,3,2.5,3,Townhouse,38174m²,135m²,R3311,R753,1,1.0
R 1 450 000,3,2,3,House,725m²,290m²,,R715,1,1.0
R 2 700 000,3,2,2,House,1623m²,1617m²,,R1865,0,1.0
R 1 520 000,4,2,2,House,691m²,,,R1300,0,1.0
R 2 350 000,3,2.5,2,Townhouse,1868m²,171m²,R3800,R1467,0,1.0
R 1 750 000,3,2,2,Townhouse,185m²,185m²,,R1000,1,1.0
R 1 100 000,2,1,1,Apartment/Flat,,75m²,,,0,
R 430 000,0.5,1,,Apartment/Flat,995m²,26m²,R1700,R873,0,0.0
R 675 000,2,1,1,Apartment/Flat,,51m²,R600,R500,0,0.0
R 699 000,2,1,1,Apartment/Flat,68m²,68m²,,R420,1,0.0
R 3 499 000,4,2,4,House,1084m²,380m²,,,1,1.0
R 220 000,0.5,1,,Apartment/Flat,,34m²,R748,R407,0,0.0
R 3 000 000,3,2,1,Apartment/Flat,,234m²,R6215,,0,0.0
R 755 000,2,1,1,House,,56m²,R820,R150,0,
R 675 000,2,1,1,House,,51m²,R820,R150,0,
R 665 000,3,2,1,Apartment/Flat,22301m²,76m²,R1000,R159,0,0.0
R 350 000,1,1,,Apartment/Flat,2779m²,39m²,R1300,R300,0,0.0
R 3 495 000,4,3,9,House,1020m²,,,,1,1.0
R 850 000,2,1,2,Townhouse,,91m²,,,0,0.0
R 3 375 000,2,1,,Apartment/Flat,67.5m²,67m²,R2500,,0,
R 1 200 000,4,2.5,3,House,986m²,495m²,,R493,0,1.0
R 830 000,,1,1,Apartment/Flat,,42m²,R1600,R706,1,0.0
R 950 000,4,2,2,House,862m²,,,,0,
R 4 690 000,3,2,2,Apartment/Flat,359m²,359m²,R6618,R3143,0,
R 899 000,2,1,1,Townhouse,36749m²,75m²,R1600,R500,1,0.0
R 980 000,3,2,1,Apartment/Flat,45999m²,92m²,R1933,R526,0,
R 2 475 000 - R 2 499 000,,,,,,,,,0,
R 1 475 000,3,3,5,House,435m²,210m²,,R450,1,1.0
R 2 750 000,4,2,4,House,1050m²,380m²,,R1500,0,1.0
R 1 995 000,4,3,2,House,1050m²,340m²,,R700,1,
R 850 000,3,2,1,House,200m²,70m²,,R500,0,
R 650 000,2,1,2,House,302m²,40m²,,R500,0,1.0
R 2 899 000,5,2,2,House,1144m²,,,R1574,0,1.0
R 4 950 000,5,3.5,8,House,1026m²,,,R4175,1,
R 730 000,2,1,1,Townhouse,62m²,,R2,R313,1,
R 5 750 000,4,3.5,6,House,591m²,301m²,R2300,R3000,1,1.0
R 910 500,3,2,,House,200m²,59m²,,R300,0,1.0
R 645 000,2,1,,Apartment/Flat,2000m²,48m²,R1800,R800,1,
R 1 800 000,2,1,1,Apartment/Flat,120m²,,R2000,,0,
R 1 100 000,3,2,2,House,395m²,180m²,,R418,0,1.0
R 839 000,2,1,1,Apartment/Flat,,56m²,,R300,0,0.0
R 2 195 000,4,3,11,House,1314m²,417m²,,,1,1.0
R 4 900 000,,,,CommercialProperty,250m²,800m²,,,0,
R 2 400 000,3,3,2,House,198m²,198m²,R1400,R1500,0,1.0
R 2 390 000,,,,,,,,,0,
R 775 000,1,1,1,Apartment/Flat,367m²,56m²,R1507,R443,0,
R 1 650 000,4,2.5,2,House,1162m²,1162m²,,R1180,1,
R 1 900 000,3,2,2,Townhouse,202m²,,R2342,R950,1,1.0
R 580 000,2,1.5,2,Apartment/Flat,,88m²,R850,R250,0,
R 770 750,3,1,2,House,200m²,55m²,,R500,1,1.0
R 1 250 000,2,2,2,Apartment/Flat,,120m²,R3740,R551,0,0.0
R 1 700 000,2,2,2,Apartment/Flat,97m²,97m²,R2500,R1400,1,1.0
R 625 000,2,1,1,Townhouse,,91m²,R2104,R195,1,
R 1 295 000,4,2,6,House,565m²,130m²,,R382,0,1.0
R 970 000,2,1,2,Townhouse,,98m²,R2180,R500,0,1.0
R 895 000,2,1,2,Apartment/Flat,,78m²,,R223,1,
R 745 000,2,1,1,Apartment/Flat,,68m²,R1558,R450,1,0.0
R 1 700 000,4,4,2,House,331m²,113m²,,R367,0,0.0
R 1 700 000,2,2,2,House,331m²,113m²,,R367,0,0.0
R 2 875 000,,,,CommercialProperty,991m²,500m²,,R1500,0,
R 765 000,4,3,4,House,465m²,110m²,,R400,0,1.0
R 1 130 000,1,1,,Apartment/Flat,,88m²,R1600,R990,0,
R 519 995,0.5,1,,Apartment/Flat,6354m²,32m²,R1000,R300,1,0.0
R 1 295 000,3,1.5,,House,671m²,180m²,,R700,0,1.0
R 1 299 000,5,3,6,House,950m²,,,,1,
R 665 000,3,2,1,Townhouse,,76m²,R100,R160,0,0.0
R 740 000,2,1,1,Townhouse,,68m²,R1479,R452,1,0.0
R 485 000,1,1,,Apartment/Flat,,64m²,,R1882,0,
R 1 900 000,2,1,1,Townhouse,,93m²,R1900,R900,1,
R 1 189 000,3,2,2,Apartment/Flat,82m²,82m²,R1200,R600,1,1.0
R 570 000,2,1,2,Apartment/Flat,59m²,59m²,R1200,R300,0,
R 1 790 000,,,,VacantLand/Plot,2455m²,,,R2000,0,
R 710 520,3,1,,House,150m²,55m²,,R600,0,1.0
R 595 000,1.5,1,2,Apartment/Flat,,78m²,R1300,R403,0,
R 2 799 000,2,2,2,House,496m²,200m²,,R2000,0,1.0
R 1 499 000,2,1,,Apartment/Flat,,78m²,R2116,R788,0,0.0
R 665 000,2,1,1,Apartment/Flat,51m²,51m²,R1200,R250,0,
R 1 195 000,3,2,3,Townhouse,,,R1352,R551,0,0.0
R 750 000,2,2,1,Apartment/Flat,,99m²,R2000,,0,1.0
R 7 200 000,,,,Farm,,,,R3000,1,1.0
R 1 300 000,4,2,2,House,,,,,0,1.0
R 949 000,3,2.5,1,Townhouse,,154m²,R1064,R700,1,1.0
R 839 000,2,1,1,Apartment/Flat,,56m²,R1300,R300,0,
POA,,,,CommercialProperty,1700m²,,,,0,
R 950 000,3,1,2,House,251m²,,,R616,0,
R 695 000,3,2,1,Townhouse,,57m²,R700,R384,0,0.0
R 1 350 000,3,2,,Townhouse,93m²,,R1590,,1,
R 250 000,1,1,,Apartment/Flat,,35m²,R600,R300,0,0.0
R 765 000,2,1,1,Apartment/Flat,,56m²,R600,R500,0,0.0
R 795 000,2,2,2,Townhouse,,97m²,R1481,R277,0,1.0
R 1 895 000,3,3.5,2,Townhouse,,177m²,R3680,R1593,0,
R 700 000,3,1.5,2,House,496m²,,,R486,0,1.0
R 1 300 000,3,2,,House,826m²,,,R850,1,1.0
R 450 000,1,1,,Apartment/Flat,,47m²,,,0,
R 740 000,2,2,2,House,200m²,55m²,,R500,0,1.0
R 665 000,2,1,1,Apartment/Flat,,51m²,R600,R200,0,
R 755 000,2,1,1,Apartment/Flat,,51m²,R600,R500,0,0.0
R 3 950 000,8,5,3,House,967m²,,,,1,1.0
R 839 000,2,1,1,Apartment/Flat,,56m²,R1300,R150,0,
R 755 000,2,1,1,Apartment/Flat,51m²,51m²,R1300,R250,0,
R 3 990 000,5,4,2,House,1170m²,,,R1719,0,
R 4 782 000,,,,,,,,,0,
R 1 679 000,4,3,6,House,496m²,121m²,,R450,0,1.0
R 839 000,2,1,1,Apartment/Flat,,56m²,R1300,R300,0,0.0
R 765 000,2,1,1,Apartment/Flat,,56m²,R1300,R300,0,0.0
R 390 000,2.5,1.5,1,Apartment/Flat,,107m²,R1449,,0,0.0
R 1 195 000,3,2,2,Townhouse,11192m²,97m²,R1352,R551,0,0.0
R 675 000,2,1,,Townhouse,,74m²,R1770,R395,1,
R 1 950 000,4,2.5,7,House,1242m²,200m²,,,0,1.0
R 1 195 000,3,1,2,House,495m²,230m²,,R650,0,1.0
R 6 495 000,4,3.5,2,House,532m²,,,,1,1.0
R 3 200 000,4,3,6,House,1166m²,430m²,,R1893,1,
R 2 650 000,4,3,10,House,2023m²,,,R2300,1,
R 2 100 000,4,2,4,House,1050m²,280m²,,R1300,1,1.0
R 1 794 545,,,,IndustrialProperty,10456m²,470m²,,,0,
R 1 561 636,,,,IndustrialProperty,10456m²,409m²,,,0,
R 510 000,1,1,1,Apartment/Flat,2000m²,35m²,R860,R150,0,
R 520 000,1,1,1,Townhouse,,47m²,R1115,,0,
R 650 000,2,2.5,2,Apartment/Flat,,85m²,R1920,R410,0,
R 1 450 000,3,2,1,House,532m²,430m²,,R650,0,1.0
R 2 000 000,2,2,2,Apartment/Flat,4211m²,102m²,,R1284,0,1.0
R 750 000,1,1.5,,Apartment/Flat,,65m²,R2225,R207,0,
R 3 845 000,7,5,4,House,1612m²,,,R1559,0,
R 1 850 000,2,2,1,Apartment/Flat,119m²,119m²,,,1,
R 575 000,2,1,1,Apartment/Flat,,61m²,R1500,,0,
R 11 180 000,4,4,2,House,977m²,574m²,,,1,1.0
R 850 000,3,2,2,Townhouse,495m²,150m²,R375,R559,0,1.0
R 675 000,2,1,1,Apartment/Flat,,51m²,R600,R500,0,0.0
R 2 600 000,4,2.5,2,House,1300m²,,,R1911,1,1.0
R 1 299 000,4,2,4,House,496m²,185m²,,R500,1,
R 675 000,2,1,1,Apartment/Flat,,51m²,R1200,R150,0,
R 3 100 000,2,2,2,House,1313m²,500m²,,R4000,1,1.0
R 940 000,2,2,1,Townhouse,37252m²,86m²,R655,R651,1,0.0
R 665 000,2,1,2,Apartment/Flat,,51m²,R750,R500,0,0.0
R 490 000,1,1,1,Apartment/Flat,695m²,47m²,R1900,R1039,1,
R 2 995 000,2,2,2,Apartment/Flat,,205m²,,R1846,0,0.0
R 900 000,4,2,2,House,495m²,,,R426,0,1.0
R 580 000,2,1,1,Townhouse,26987m²,44m²,,R500,1,1.0
R 1 800 000 - R 5 400 000,,,,,,,,,0,
R 765 000,3,1.5,,House,300m²,75m²,,R400,0,
R 3 950 000,3,2.5,6,House,1276m²,415m²,,R3400,1,
R 800 000,3,2.5,3,House,862m²,,,R1600,0,1.0
R 1 300 000,1,2,1,Apartment/Flat,,,R2000,,0,
R 1 795 000,3,3,,House,595m²,595m²,,R922,0,
R 950 000,3,2,2,Townhouse,,131m²,R2320,,1,
R 29 990 000,4,4.5,4,House,4000m²,,,,1,
R 4 100 000,3,3.5,2,House,495m²,,,R2079,1,
R 3 100 000,2,2,2,House,495m²,,,,1,
R 1 790 000,,,,VacantLand/Plot,3430m²,,,R2000,0,
R 860 000,2,2,2,Townhouse,,89m²,R2700,,0,0.0
R 2 550 000,4,3,8,House,1025m²,,,R948,1,0.0
R 400 000,2,1,1,Apartment/Flat,13664m²,59m²,R1500,,0,1.0
R 1 095 000,5,3,2,House,600m²,,,R450,0,
R 699 000,2,2,1,Townhouse,,103m²,R1200,R350,1,0.0
R 2 300 000,1,1.5,2,House,1399m²,200m²,,R836,1,0.0
R 1 495 000,1,1,1,Apartment/Flat,,95m²,,,1,1.0
R 375 000,0.5,1,,Apartment/Flat,,39m²,R1143,,0,
R 1 000 000,3,2,2,Townhouse,,131m²,R2720,,1,
R 539 000,,,,,,,,,0,
R 1 750 000,3,2,4,House,1388m²,,,R700,1,
R 1 380 000,3,2,2,House,406m²,,,R739,0,1.0
R 480 000,1,1,1,Townhouse,29m²,29m²,R1700,R600,0,0.0
R 881 500,3,2,,House,200m²,70m²,,R500,0,1.0
R 3 300 000,,,,VacantLand/Plot,95000m²,,,R350,0,
R 3 700 000,5,4.5,6,House,991m²,,,,1,
R 1 049 000,2,2,2,Apartment/Flat,84m²,84m²,,R780,1,
R 8 450 000,4,4,2,House,821m²,,,R3779,0,
R 265 000,2,1,1,Apartment/Flat,,85m²,R1300,,0,0.0
R 1 000 000,,,,IndustrialProperty,833m²,833m²,,,0,
R 1 050 000,3,2,3,House,554m²,,,,0,
R 525 000,3,2,1,Apartment/Flat,,128m²,R2195,R330,0,0.0
R 3 200 000,3,3,3,House,770m²,400m²,,R1360,1,
R 14 000 000,3,3.5,,Apartment/Flat,514m²,316m²,R2714,R2700,0,
R 3 975 000,6,4,4,House,,1004m²,,R1774,0,1.0
R 4 500 000,3,2.5,2,Apartment/Flat,,212m²,R2500,,1,
R 8 500 000,5,3,1,House,876m²,480m²,,R3400,1,1.0
R 6 250 000,2,2.5,2,Apartment/Flat,,171m²,R6612,R4023,1,1.0
R 773 000,3,1,2,House,300m²,60m²,,R300,0,1.0
R 839 000,2,1,1,Apartment/Flat,56m²,56m²,R1300,R250,0,
R 1 500 000,2,1,,Apartment/Flat,,120m²,R4900,R1000,0,
R 1 695 000,3,1,,House,495m²,350m²,,R3031,0,0.0
R 2 290 000,4,3,4,House,1216m²,,,R1044,1,1.0
R 755 000,2,1,1,Apartment/Flat,,56m²,R600,R500,0,0.0
R 995 000,2,2,2,Townhouse,54125m²,84m²,R1300,R640,1,0.0
R 500 000,2,1,2,House,300m²,50m²,,R500,0,1.0
R 1 990 000,4,2,3,House,413m²,,,R736,0,1.0
R 5 704 000,,,,CommercialProperty,184m²,184m²,,,0,
R 330 000,2,1,1,Townhouse,992m²,63m²,R801,R176,0,0.0
R 995 000,3,2,2,Townhouse,,73m²,R1138,,0,0.0
R 750 000,3,2,10,House,455m²,280m²,,R482,0,0.0
R 1 350 000,3,2,2,Apartment/Flat,,,R4159,R400,0,0.0
R 3 480 000,3,2.5,7,House,743m²,,,R1249,1,1.0
R 3 500 000,4,2,2,House,706m²,20m²,,R1450,0,1.0
R 3 950 000,3,2,2,House,1020m²,,,,0,1.0
R 1 700 000,,,,CommercialProperty,902m²,,,,0,
R 30 000 000,,,,CommercialProperty,1470m²,3300m²,,,0,
R 1 595 000,2,1,3,Apartment/Flat,5533m²,91m²,R2600,,1,1.0
R 1 699 000,3,3,2,Townhouse,246m²,246m²,R2400,R1280,0,1.0
R 750 000,1,1,,Apartment/Flat,,53m²,R5,R493,0,
R 240 000,1,1,,Apartment/Flat,4359m²,52m²,R1000,R113,0,0.0
R 499 000,,,,VacantLand/Plot,495m²,,,R580,0,
R 425 000,0.5,1,,Apartment/Flat,,36m²,R967,,0,
R 2 900 000,4,3.5,4,House,1604m²,,,R1775,1,1.0
R 480 000,0.5,1,,Apartment/Flat,,40m²,,R300,0,
R 1 695 000,2,2,2,Apartment/Flat,,112m²,R2300,R479,1,0.0
R 410 000,1,1,,Apartment/Flat,695m²,40m²,,,1,
R 1 495 000,5,2,4,House,812m²,230m²,,R1100,1,1.0
R 1 464 875,3,2,2,House,240m²,100m²,R900,R1600,0,1.0
R 1 200 000,2,1,1,House,496m²,196m²,,R733,0,1.0
R 1 700 000,3,2,3,House,1983m²,,,R1000,0,
R 1 250 000,1,1,1,Apartment/Flat,,88m²,R2476,R800,0,
R 5 200 000,4,3,,House,1458m²,367m²,,R2665,1,1.0
R 839 000,2,1,1,Apartment/Flat,56m²,56m²,,,0,0.0
R 1 400 000,3,2.5,2,House,496m²,,,R1337,1,1.0
R 799 999,2,2,1,Townhouse,9408m²,127m²,R1200,R836,1,0.0
R 675 000,2,1,1,House,,51m²,R820,R150,0,
R 3 800 000,2,2,1,House,669m²,,,R1400,0,1.0
R 1 350 000,1,1,,Apartment/Flat,4196m²,80m²,R1233,R194,0,
R 1 095 000,2,2,2,Townhouse,1247m²,83m²,R1700,R300,1,0.0
R 799 000,1,1,1,Apartment/Flat,10390m²,45m²,R748,R464,1,0.0
R 4 399 000,3,3.5,4,House,498m²,,,,0,
R 1 825 000,3,2,2,House,1160m²,,,,0,1.0
R 195 000,,1,,Apartment/Flat,,,R1030,R400,0,
R 638 000,2,1,,House,150m²,40m²,,R300,0,1.0
R 4 500 000,3,2,2,House,1090m²,400m²,,R2000,1,1.0
R 1 500 000,3,1,5,House,496m²,,,R729,0,0.0
R 1 250 000,8,2,,House,748m²,,,R2000,0,
R 1 000 000,3,2,2,Apartment/Flat,112m²,112m²,R1000,R400,0,
R 3 200 000,3,2.5,2,Townhouse,,252m²,R1980,R1260,1,0.0
R 755 000,2,1,1,Apartment/Flat,,56m²,R1300,R250,0,
R 2 010 000,3,2,2,House,,,,,0,
R 8 500 000,2,2.5,2,Apartment/Flat,310m²,197m²,R2583,R2000,0,1.0
R 1 850 000,,,,CommercialProperty,,,R5571,,0,
R 2 900 000,3,2,4,House,922m²,,,,0,1.0
R 920 000,3,2,2,Townhouse,,95m²,R1013,R242,0,0.0
R 1 200 000,2,2,,Apartment/Flat,1041m²,87m²,,,0,
R 1 300 000,4,2,2,House,615m²,,,R780,1,1.0
R 21 805 000,,,,CommercialProperty,623m²,536m²,R0,R0,0,
R 490 000,4,1.5,1,Apartment/Flat,,121m²,R1200,,0,0.0
R 1 300 000,4,1,2,House,516m²,159m²,,R473,0,1.0
R 495 000,2,1,,Townhouse,,95m²,R1123,R177,0,
R 1 100 000,2,1,,House,1060m²,1059m²,,R426,0,
R 345 000,2,1,2,Apartment/Flat,1221m²,62m²,R500,R250,0,0.0
R 765 000,2,1,1,Apartment/Flat,56m²,56m²,R1335,R150,0,0.0
R 1 300 000,4,2,2,Apartment/Flat,,170m²,R2700,R650,1,0.0
R 550 000,2,1,1,Apartment/Flat,,59m²,R2200,,0,
R 1 299 999,3,2,,Townhouse,10838m²,101m²,,R300,0,0.0
R 749 000,2,1,1,Apartment/Flat,74m²,74m²,R1000,R420,0,0.0
R 2 300 000,3,2,5,House,1487m²,240m²,,R1200,1,1.0
R 1 550 000,3,2,4,House,612m²,,,R590,1,1.0
R 765 000,2,1,1,Apartment/Flat,56m²,56m²,R750,R180,0,
R 200 000,1,1,,Apartment/Flat,,,R1600,,0,
R 280 000,0.5,1,,Apartment/Flat,,27m²,R950,,0,
R 11 190 000,4,5,4,House,908m²,558m²,,,1,1.0
R 4 450 000,2,2,4,House,1115m²,,,R2353,0,
R 1 295 000,3,1,4,House,495m²,,,R5500,1,
R 1 990 000,3,2,2,Apartment/Flat,,154m²,R3239,R1790,0,
R 3 399 000,3,2,2,House,,495m²,,R2000,1,1.0
R 4 000 000,,,,CommercialProperty,700m²,1400m²,,R6000,0,
R 1 100 000,3,2,5,House,495m²,210m²,,R500,0,1.0
R 670 000,3,2.5,1,House,317m²,142m²,,R579,0,1.0
R 3 750 000,3,2,5,House,1016m²,400m²,,,1,
R 1 800 000,3,2,2,House,944m²,,,,1,1.0
R 499 000,1,1,,Townhouse,,48m²,R1000,,0,
R 1 260 000,5,2,,House,500m²,200m²,,R450,1,
R 1 230 000,3,2,,Townhouse,,74m²,R880,,0,0.0
R 650 000,2,1,1,Apartment/Flat,,49m²,R1055,R331,1,0.0
R 2 400 000,3,2,3,House,1411m²,,R550,R1150,1,1.0
R 8 000 000,4,4,5,Townhouse,895m²,450m²,,,1,1.0
R 520 000,1.5,1,,Apartment/Flat,,74m²,R1997,,0,
R 5 600 000,,,,CommercialProperty,174m²,174m²,,,0,
R 860 000,,,,IndustrialProperty,115m²,115m²,,,0,
R 4 799 000,3,2,,Townhouse,469m²,325m²,R2599,,0,
R 22 000 000,16,18,22,House,3100m²,1200m²,,R12615,1,1.0
R 699 000,3,2,2,Apartment/Flat,6061m²,57m²,R1300,R406,1,0.0
R 3 650 000,4,3.5,7,House,1707m²,,,,1,
R 2 950 000,3,2.5,1,Townhouse,39846m²,119m²,R2885,R1877,1,1.0
R 14 000 000,,,,CommercialProperty,980m²,980m²,,,0,
R 1 450 000,3,2,,Townhouse,1ha,,R1000,R500,0,1.0
R 2 999 000,2,2,2,Apartment/Flat,,74m²,R3200,R2125,1,1.0
R 1 499 000,3,2,2,House,1007m²,192m²,,R692,0,
R 1 799 000,2,2,,Townhouse,,87m²,R1108,R2174,1,0.0
R 2 700 000,2,2,1,Apartment/Flat,,196m²,R5102,R1229,1,0.0
R 98 000 000,,,,CommercialProperty,3500m²,3500m²,,,0,
R 760 000,3,1,1,House,495m²,,,R700,0,
R 750 000,3,3,1,House,786m²,,,R2000,0,
R 1 150 000,1,1,1,Apartment/Flat,,56m²,R2000,R500,1,0.0
POA,2,1,2,Apartment/Flat,,,R1530,R700,0,
R 3 254 900,2,2,,Apartment/Flat,80.5m²,80m²,R2000,,0,
R 8 500 000,,,,IndustrialProperty,4000m²,3000m²,,,0,
R 1 280 000,3,2,2,Townhouse,,80m²,R2300,R660,0,0.0
R 1 599 000,3,2,3,House,1091m²,,,,1,1.0
R 1 750 000,5,2,6,House,496m²,400m²,,R541,0,1.0
R 1 999 000,3,2,4,House,1148m²,1148m²,,R950,1,1.0
R 7 800 000,,,,CommercialProperty,892m²,,,,0,
R 975 000,2,2,1,Apartment/Flat,84m²,84m²,,R680,1,0.0
R 739 000 - R 789 000,,,,,,,,,0,
R 699 000,1,1,1,Townhouse,12133m²,59m²,R900,R1746,0,
R 12 500 000,4,5,4,House,1959m²,,,R6900,1,1.0
R 625 000,2,1.5,5,Townhouse,,43m²,R1400,R270,0,0.0
R 755 000,2,1,1,Apartment/Flat,56m²,56m²,R1335,R150,0,0.0
R 980 000,3,2,2,House,495m²,,,R305,0,
R 1 695 000,3,2,2,Townhouse,10970m²,110m²,,R560,1,0.0
R 950 000,2,1,1,Apartment/Flat,42992m²,70m²,R1650,R586,1,0.0
R 880 000,3,2,2,Townhouse,,75m²,,R795,0,0.0
R 2 195 000,3,1,10,House,575m²,,,,0,
R 9 500 000,,,,IndustrialProperty,10000m²,906m²,,,0,
R 3 375 000,4,4,2,House,980m²,,,R1300,1,
R 690 000,3,1,2,Apartment/Flat,58m²,58m²,,R360,0,0.0
R 635 000,2,1,1,Apartment/Flat,51m²,51m²,,R350,0,0.0
R 4 000 000,,,,IndustrialProperty,2069m²,1000m²,,,0,
R 4 799 000,4,3.5,6,House,1156m²,1156m²,,R1845,1,1.0
R 98 000 000,,,,CommercialProperty,,3500m²,,,0,
R 699 999,3,2,2,Townhouse,,93m²,R1400,R300,1,
R 748 000,3,1,2,House,200m²,55m²,,R500,0,1.0
R 1 649 900,2,2,2,Apartment/Flat,,110m²,R3070,R781,0,1.0
R 650 000,1,1,1,Apartment/Flat,,48m²,R1564,R219,1,0.0
R 1 099 000,,,,VacantLand/Plot,942m²,,,R840,0,
R 2 999 000,3,2.5,2,Townhouse,500m²,250m²,R1875,R1100,0,1.0
R 490 000,2,1,1,Townhouse,3806m²,77m²,R1068,R301,0,0.0
R 899 000,4,2,7,House,577m²,160m²,,R350,0,1.0
R 3 750 000,3,3.5,2,Townhouse,,249m²,R4058,R2862,0,1.0
R 665 000,2,,1,Apartment/Flat,,51m²,R1200,R165,0,
R 1 706 675,3,3,2,House,240m²,127m²,R900,R1600,0,1.0
R 2 599 000,3,2,4,House,496m²,,,R2200,0,1.0
R 550 000,1,1,1,Apartment/Flat,9868m²,48m²,R1373,R1300,1,0.0
R 4 100 000,4,3,4,House,1465m²,450m²,,R1974,1,
R 875 000,3,2,2,House,,,,R350,0,
R 1 300 000,7,2,,Townhouse,495m²,200m²,,R463,0,1.0
R 55 000 000,,,,CommercialProperty,3047m²,15000m²,,,0,
R 950 000,3,2,1,House,600m²,600m²,,R480,1,1.0
R 750 000,3,1.5,2,Apartment/Flat,82m²,82m²,,R410,0,0.0
R 3 390 000,,,,VacantLand/Plot,977m²,,,,0,
R 3 190 000,,,,VacantLand/Plot,908m²,,,,0,
R 3 914 900,2,2,2,Apartment/Flat,,102m²,R2487,,0,0.0
R 430 000,1,1,,Apartment/Flat,2000m²,35m²,R1200,R600,0,
R 980 000,3,1.5,1,House,,496m²,,R250,0,1.0
R 480 000,,1,1,Apartment/Flat,,27m²,R1300,R550,0,0.0
R 6 900 000,3,3,5,House,2024m²,,,R5700,1,1.0
R 3 550 000,3,3,2,House,495m²,270m²,,R1995,1,1.0
R 11 500 000,2,2.5,2,Apartment/Flat,,266m²,R8185,,0,0.0
R 1 195 000,3,2,1,Townhouse,1m²,97m²,R1352,R795,0,
R 1 750 000,5,2,7,House,853m²,360m²,,R736,0,1.0
R 1 899 000,3,2,3,Apartment/Flat,,128m²,R3900,R1500,1,
R 2 400 000,3,2,2,Apartment/Flat,,170m²,R3225,R1339,0,
R 525 000,2,1,1,Townhouse,,65m²,R1051,R350,1,
R 1 850 000,3,2,2,House,1377m²,,,R603,1,1.0
POA,4,3.5,2,House,,,,R3327,0,
R 525 000,2,1,1,Apartment/Flat,,65m²,R1051,R350,1,
R 1 250 000,2,1,1,Apartment/Flat,4418m²,74m²,R2100,R570,0,
R 675 000,2,1,1,Apartment/Flat,51m²,51m²,R1261,R150,0,0.0
R 689 000,1,1,1,Apartment/Flat,,45m²,R1200,R460,1,1.0
R 1 595 000,2,2,1,Apartment/Flat,,82m²,R1583,R1142,0,
R 1 500 000,5,3,3,House,400m²,300m²,,R325,1,1.0
R 1 400 000,4,3,1,House,496m²,350m²,,R400,0,1.0
R 910 500,3,2,1,House,200m²,59m²,,R500,0,1.0
R 10 500 000,4,4.5,3,House,2029m²,,,R6300,1,
R 2 399 000,4,2,3,House,957m²,,,R1141,1,
R 665 000,2,1,1,Apartment/Flat,51m²,51m²,R1300,R250,0,
R 850 000,,,,VacantLand/Plot,1029m²,,,,0,
R 1 950 000,3,3,2,House,495m²,,,R806,0,
R 2 600 000,2,2,2,Apartment/Flat,,,,,0,1.0
R 1 400 000,4,1,4,House,2164m²,,,R1000,1,
R 840 000,3,2,1,House,707m²,,,,0,
R 3 500 000,,,,IndustrialProperty,1270m²,,,,0,
R 2 450 000,4,2,3,House,1086m²,,,R1733,0,
R 1 300 000,5,4,24,House,1316ha,250m²,,R724,0,1.0
R 1 599 999,2,2,6,House,496m²,,,,0,1.0
R 635 000,2,1,,Apartment/Flat,,,R1000,,1,
R 499 999,2,1.5,1,Apartment/Flat,8167m²,113m²,R1400,R310,1,0.0
R 2 995 000,3,3.5,3,Townhouse,21080m²,293m²,R2743,R1700,0,1.0
R 689 000,3,1,1,House,448m²,120m²,,R142,0,1.0
R 2 999 000,8,8,12,House,1101m²,,,R1600,1,
POA,,,,IndustrialProperty,41554m²,,,,0,
R 670 000,2,1,2,Townhouse,,68m²,,,0,0.0
R 1 599 000,2,2,5,Apartment/Flat,,94m²,,,1,1.0
R 1 650 000,3,2,9,House,715m²,,,R627,1,1.0
R 650 000,2,1,,Apartment/Flat,,,,,0,
R 2 700 000,8,3,2,House,1700m²,,,,0,1.0
R 3 280 000,3,2.5,10,House,1212m²,,,R2800,1,1.0
R 1 599 999,3,2,2,House,991m²,,,R1600,0,1.0
R 3 799 000,4,4,2,House,1006m²,,,R2747,1,1.0
R 999 000,2,2,2,Apartment/Flat,84m²,84m²,R1300,R600,1,0.0
R 1 250 000,4,2.5,3,House,514m²,,,R540,0,1.0
R 629 000,,,,,,,,,0,
R 2 199 000,4,3,2,House,1982m²,,,R964,0,
R 565 000,1,1,2,Apartment/Flat,,89m²,,R3650,0,0.0
R 1 300 000,2,1,4,House,250m²,,,R900,0,0.0
R 299 999,1,1,,Apartment/Flat,,27m²,R750,,0,0.0
R 2 175 000,2,2,2,Apartment/Flat,106m²,106m²,,,0,
R 839 000,2,1,1,Apartment/Flat,,,R1300,R165,0,
R 1 625 000,2,2,1,Apartment/Flat,,82m²,R1583,R924,0,0.0
R 4 250 000,5,3,,House,1023m²,,,,1,1.0
R 550 000,3,1,,Townhouse,13071m²,57m²,,,1,
R 1 200 000,6,2,1,House,220m²,496m²,,R500,0,1.0
R 595 000,3,1,1,Townhouse,992m²,132m²,,,0,
R 350 000,2,2,1,Apartment/Flat,1490m²,98m²,R1040,R400,0,0.0
R 1 749 000,5,4.5,,House,,,,,1,
R 1 350 000,3,3,4,House,,,,,0,
R 2 900 000,6,2,3,House,1207m²,550m²,,R1700,0,1.0
R 4 995 000,2,2,2,Townhouse,,173m²,R5521,R3878,1,
R 700 000,2,1,1,Townhouse,2723m²,70m²,R1600,R366,1,0.0
R 1 999 000,3,2,4,House,690m²,,,R550,0,
R 1 250 000,4,2,1,House,236m²,,,,0,
R 2 450 000,3,2,4,House,,496m²,,R1337,1,
R 1 490 000,2,1,1,Apartment/Flat,,80m²,R1500,R700,0,1.0
R 650 000,3,2,10,House,521m²,200m²,,R700,0,0.0
R 800 000,1,1,1,Apartment/Flat,3098m²,61m²,R1898,,1,
R 2 799 000,3,3,1,Townhouse,,211m²,R5800,R1500,1,0.0
R 5 500 000,3,4,4,House,496m²,,,,1,1.0
R 50 000 000,5,5.5,4,Apartment/Flat,,687m²,R28000,,1,0.0
R 640 000,2,1.5,1,Apartment/Flat,5824m²,87m²,R2200,R275,0,
R 10 000 000,,,,CommercialProperty,991m²,991m²,,,0,
R 1 999 950,3,3,2,House,990m²,,,R800,1,1.0
R 5 200 000,2,2.5,2,Apartment/Flat,162m²,162m²,,,0,
R 1 050 000,3,1,2,House,245m²,,,R202,0,
R 1 875 000,4,2.5,1,House,1784m²,,,R548,0,1.0
R 2 200 000,2,1,2,Townhouse,2863m²,122m²,,R1,0,
R 8 000 000,,,,CommercialProperty,1985m²,1985m²,,,0,
R 1 300 000,1,1,1,Apartment/Flat,,102m²,R1500,R700,0,1.0
R 675 000,2,1,2,Apartment/Flat,,51m²,R750,R500,0,0.0
R 3 195 000,3,2,3,House,1049m²,,,R1600,1,
R 750 000,3,2,,House,,,,,0,1.0
R 920 000,2,2,1,Townhouse,,69m²,R1154,R570,0,
R 9 995 000,4,4,3,House,977m²,466m²,,,1,1.0
R 1 015 000,2,2,1,Townhouse,,98m²,R1200,R605,0,
R 3 250 000,3,3,1,House,996m²,,,R1321,1,0.0
R 150 000,1,1,,Apartment/Flat,,39m²,R1065,R175,0,
R 2 825 000,3,3,,House,990m²,,,,1,
R 980 000,,,,VacantLand/Plot,990m²,,,,0,
R 995 000,3,1,,Apartment/Flat,,60m²,,,0,
R 480 000,2,1,1,Apartment/Flat,2338m²,75m²,,R600,0,0.0
R 480 000,1,1,1,Apartment/Flat,30m²,30m²,,R656,0,0.0
R 2 875 000,2,2,2,House,495m²,,,,1,
R 2 395 000,3,2,18,House,992m²,,,,0,0.0
R 2 800 000,,,,VacantLand/Plot,1012m²,,,,0,1.0
R 2 890 000,4,2,3,House,972m²,,,,1,
R 740 000,2,1,1,Townhouse,11297m²,68m²,R840,R1060,1,0.0
R 970 000,2,1,2,Apartment/Flat,,71m²,R1317,R587,1,
R 680 000,2,1,2,House,400m²,,,,0,
POA,3,2,2,House,,,,R2003,0,
R 990 000,3,2,1,Apartment/Flat,169m²,169m²,R3071,R350,0,
R 1 895 000,2,2,4,House,743m²,,,,1,1.0
R 2 900 000,4,3,4,House,990m²,,,R1109,1,
R 28 500 000,,,,CommercialProperty,932m²,932m²,,,0,
R 799 000,3,2,1,House,,,,R428,0,1.0
R 1 150 000,2,1.5,,Apartment/Flat,,105m²,R2800,R730,0,1.0
R 4 200 000,3,2,4,House,993m²,400m²,,R2081,1,1.0
R 16 000 000,,,,CommercialProperty,1038m²,,,,0,
R 1 050 000,2,2,2,Townhouse,10340m²,104m²,R2000,R700,1,0.0
R 3 995 000,5,4.5,2,House,559m²,,R1650,R2530,1,
R 599 000,2,1,1,Townhouse,,70m²,,R306,0,
R 1 399 000,2,2.5,2,Townhouse,,132m²,R2200,R1200,0,1.0
R 1 150 000,8,2,,House,484m²,,,R555,0,
R 777 000,3,1,2,House,200m²,60m²,,R500,0,1.0
R 1 150 000,3,1,,House,484m²,,,R555,0,
R 1 850 000,3,2,2,House,1000m²,,,R844,1,1.0
R 1 398 000,3,2.5,1,House,340m²,,,R505,0,1.0
R 1 200 000,3,,1,House,1171m²,,,,0,1.0
R 760 000,2,1,,Apartment/Flat,3908m²,71m²,R1763,R250,1,0.0
R 300 000,1.5,1,,Apartment/Flat,,83m²,R950,,0,0.0
R 1 395 000,4,2,3,House,536m²,250m²,,R218,0,1.0
R 2 495 000,3,3,3,Townhouse,,163m²,R4115,R1593,1,1.0
R 235 000,1,1,,Apartment/Flat,2779m²,20m²,,R445,0,0.0
R 1 100 000,3,1,6,House,471m²,,,R488,0,0.0
R 1 945 000,2,2,,Apartment/Flat,,85m²,R2520,R1600,0,1.0
R 299 000,1,1,1,Apartment/Flat,,49m²,R964,R148,0,
R 1 260 000,2,2,2,Apartment/Flat,,74m²,R2200,R800,0,
R 4 500 000,4,6,3,House,995m²,,,R900,1,0.0
R 5 700 000,4,3.5,6,House,1313m²,,,R3358,1,
R 1 800 000,4,4.5,3,House,1162m²,1161m²,,R1395,1,1.0
R 1 195 000,4,3,,House,302m²,181m²,,,0,0.0
R 4 770 000,,,,,,,,,0,
R 589 000,2,1,2,Townhouse,,55m²,R950,,0,1.0
R 1 389 313,3,2,1,House,89m²,89m²,R800,R1600,0,1.0
R 235 000,1,1,,Apartment/Flat,,74m²,R830,,0,0.0
R 1 750 000,3,2,3,House,372m²,180m²,,R750,0,
R 2 900 000,3,2.5,2,Apartment/Flat,,170m²,R5900,R1674,1,1.0
R 1 650 000,3,2,5,House,490m²,250m²,R3000,R500,1,1.0
R 850 000,3,2,,House,407m²,150m²,,R450,0,0.0
R 1 699 000,3,2,5,House,,,,,1,
R 3 800 000,2,3,,Apartment/Flat,246m²,246m²,R5025,R330,1,
POA,,,,CommercialProperty,,1355m²,,,0,
R 1 950 000,3,2,4,House,990m²,,,R900,1,1.0
R 1 350 000,1,1,1,Apartment/Flat,,78m²,R2100,R969,0,0.0
R 1 590 000,2,2,2,Apartment/Flat,,88m²,R3031,R1011,0,
R 665 000,2,1,1,Apartment/Flat,,51m²,R800,R300,0,
R 1 799 000,4,2,6,House,677m²,,,R700,0,
R 1 250 000,1,1,1,Townhouse,,70m²,R3260,,1,1.0
POA,5,4,,House,1534m²,,,,1,
R 3 500 000,3,2.5,2,House,213m²,,,,0,
R 1 190 000,3,1,1,House,496m²,,,R602,0,
R 4 300 000 - R 4 600 000,,,,,,,,,0,
R 1 900 000,4,2,2,House,1042m²,,,,1,0.0
R 1 550 000,9,9,,House,499m²,495m²,,R639,0,0.0
R 1 650 000,,,,IndustrialProperty,480m²,480m²,,,0,
R 8 000 000,4,4,3,House,894m²,550m²,,,1,1.0
R 1 299 000,3,1.5,1,House,495m²,135m²,,R602,0,1.0
R 1 899 000,3,2,2,House,,,,R1365,0,1.0
R 7 450 000,4,3.5,2,House,1703m²,575m²,,,1,1.0
R 5 900 000,5,3.5,2,House,1983m²,,,R2741,1,1.0
R 950 000,2,1,,Townhouse,,103m²,R1500,R500,0,
R 1 095 000,4,3,4,House,600m²,,,R421,1,
R 1 650 000,2,1,1,Apartment/Flat,,104m²,,R977,1,
R 665 000,2,1,2,Apartment/Flat,,51m²,R750,R500,0,0.0
R 549 710,3,2.5,1,House,246m²,85m²,,R302,0,1.0
R 839 000,2,1,1,Apartment/Flat,,56m²,R1300,R150,0,
R 1 725 000,2,2,2,Apartment/Flat,14499m²,82m²,,R1142,0,0.0
R 2 500 000,3,2,2,House,1338m²,1338m²,,R1945,1,1.0
R 650 000,2,1,,Townhouse,,65m²,,,0,
R 1 400 000,3,2.5,2,Townhouse,4943m²,169m²,R2347,R910,1,0.0
R 2 100 000,6,4,5,House,642m²,,,R750,0,1.0
R 380 000,,1,,Apartment/Flat,,35m²,,,0,0.0
R 299 000,1,1,1,Apartment/Flat,19m²,19m²,,R530,0,0.0
R 3 799 000,3,2,4,House,787m²,426m²,,,1,1.0
R 1 180 000,3,3,,Apartment/Flat,,141m²,R1000,R497,0,
R 2 000 000,,,,VacantLand/Plot,2113m²,2113m²,,R2625,0,
R 795 000,2,1,1,Townhouse,,101m²,R2500,R385,0,
R 1 400 000,3,2.5,3,Townhouse,,164m²,R590,R1200,0,
R 690 000,2,1,1,Townhouse,11297m²,70m²,R1500,R400,1,0.0
R 951 900,3,2,1,House,300m²,71m²,,R450,0,1.0
R 1 219 000,3,1,4,House,495m²,,,R859,0,
R 995 000,1,1.5,1,Apartment/Flat,,77m²,R2285,R380,0,1.0
R 1 370 000,3,2,2,Apartment/Flat,100m²,100m²,,R790,1,0.0
R 2 300 000,3,2,2,House,1271m²,235m²,,R940,1,1.0
R 1 100 000,3,2,2,Townhouse,101m²,101m²,R4200,R549,1,
R 2 300 000,3,2,5,House,1487m²,,,,1,
R 1 350 000,3,2,7,House,500m²,250m²,,R700,0,1.0
R 2 059 300,4,3,1,House,240m²,189m²,R850,R800,0,1.0
R 2 599 000,2,2,2,Apartment/Flat,,73m²,R2600,R1100,0,
R 2 900 000,3,2.5,2,Townhouse,,246m²,R7617,R2662,0,
POA,4,2,,House,2091m²,,,R780,0,
R 1 799 000,3,2,4,Townhouse,,175m²,R2618,R1323,0,1.0
R 235 000,1,1,,Apartment/Flat,,53m²,R1155,,0,0.0
R 695 000,3,2,1,Apartment/Flat,,69m²,,R1600,0,0.0
R 645 000,1,1,1,Apartment/Flat,,87m²,,R250,0,0.0
R 2 500 000,3,2,2,House,495m²,,,R1400,1,
R 1 800 000,4,2,2,House,993m²,,,R1054,1,1.0
R 1 750 000,5,2,7,House,495m²,,,R834,1,
R 1 500 000,3,2,2,House,808m²,,,R400,0,
R 890 000,3,2,,House,427m²,,,R600,0,
R 1 499 000,3,1,2,House,990m²,290m²,,R1430,0,1.0
R 1 150 000,3,2.5,1,Townhouse,2133m²,101m²,R2000,R1300,1,0.0
R 725 000,2,2,2,Townhouse,,69m²,,R411,1,
R 530 000,1,1,2,Apartment/Flat,,48m²,R1437,R63,1,
R 3 100 000,3,3,,House,1488m²,,,,0,
R 6 500 000,,,,CommercialProperty,496m²,2160m²,R1300,,0,
R 450 000,1,1,1,Apartment/Flat,655m²,33m²,,R800,0,
R 480 000,3,1,6,House,325m²,64m²,,R152,0,1.0
R 2 499 000,4,4,,House,495m²,,,R1500,1,1.0
R 1 250 000,2,2,2,Townhouse,14921m²,101m²,R2261,R781,1,1.0
R 3 500 000,,,,CommercialProperty,,992m²,,,0,
R 1 590 000,3,2,2,House,1800m²,,,,1,0.0
R 1 200 000,3,2,,Townhouse,10838m²,98m²,R1500,R550,0,0.0
R 1 450 000,3,2,,House,1964m²,160m²,,,0,0.0
R 650 000,1,1.5,2,Apartment/Flat,916m²,89m²,R3280,R20,0,0.0
R 1 200 000,3,2,2,House,495m²,,,,1,
R 1 500 000,2,2,,Townhouse,,84m²,R2586,R1300,0,
R 2 299 000,3,2.5,2,Apartment/Flat,,185m²,,,0,0.0
R 2 850 000,2,2,2,Apartment/Flat,,182m²,R4600,R1835,0,
R 10 900 000,4,4.5,2,House,1163m²,619m²,,R4540,1,1.0
R 7 900 000,4,3.5,2,House,545m²,500m²,R5760,R3789,1,
R 429 000,1.5,1,1,Apartment/Flat,7000m²,79m²,R1257,R250,1,0.0
R 1 650 000,3,2,2,House,719m²,719m²,,R656,0,1.0
R 1 700 000,6,2,5,House,,,,,0,
R 827 000,2,1,1,House,150m²,50m²,,R300,0,1.0
R 3 200 000,3,2,3,House,878m²,370m²,,R1526,1,
R 18 499 999,,,,IndustrialProperty,3986m²,,,,0,
R 2 700 000,3,3,10,House,1502m²,,,R902,1,
R 2 150 000,5,3,2,House,991m²,,,R1020,1,1.0
R 3 600 000,2,2,2,Apartment/Flat,,92m²,R4065,R2650,1,0.0
R 1 599 000,3,2,2,Apartment/Flat,99m²,99m²,,R940,1,0.0
R 1 499 000,3,2,2,Apartment/Flat,99m²,99m²,,R940,1,0.0
R 2 050 000,3,2,2,House,1083m²,,,R897,0,1.0
R 1 100 000,3,1.5,,House,280m²,90m²,,R600,0,
R 755 000,2,1,1,Apartment/Flat,,56m²,R1300,R250,0,
R 2 850 000,2,2,2,Apartment/Flat,182m²,182m²,,,1,
R 570 000,2,1,1,Apartment/Flat,,60m²,R1200,R350,1,
R 3 000 000,,,1,House,6120m²,1300m²,,R7621,0,
R 1 399 000,4,2,2,House,595m²,195m²,,,0,
R 3 150 000,3,2,2,House,500m²,,R1680,,1,
R 1 450 000,3,2,2,House,,,,R650,0,1.0
R 699 000,2,1,1,Apartment/Flat,11297m²,70m²,R1300,R500,0,
R 1 200 000,3,1,5,House,496m²,,,R405,0,
R 1 650 000,2,1,4,House,157m²,,,R891,0,1.0
R 895 000,2,1,2,House,248m²,180m²,,R140,0,1.0
R 2 300 000,3,3,4,House,496m²,,,,0,1.0
R 1 450 000,3,2,2,Townhouse,,100m²,R1590,R562,1,
R 980 000,6,2,6,Townhouse,3474m²,203m²,R2560,R367,0,1.0
R 1 649 900,2,2,1,Townhouse,,114m²,R1710,R1113,1,1.0
POA,,,,IndustrialProperty,9500m²,1631m²,,,0,
R 1 700 000,2,1,1,House,495m²,,,,0,
R 5 195 000,3,2.5,2,Townhouse,,318m²,,,1,1.0
R 4 399 000,4,3,2,House,559m²,559m²,,R1910,1,1.0
R 7 900 000,6,5.5,4,House,,362m²,,,1,
R 2 999 000,3,2,2,Townhouse,,191m²,R3959,R1607,1,0.0
R 5 500 000,3,3,3,House,1020m²,,,,1,1.0
R 1 290 000,3,2,2,House,,91m²,R2200,R770,1,1.0
R 4 900 000,,,,,,,,,0,
R 3 750 000,3,2,2,House,1119m²,370m²,,,1,1.0
R 2 059 300,4,2,2,House,240m²,189m²,R900,R1600,0,1.0
R 920 000,4,2,,House,545m²,,,,0,
R 3 750 000,3,3,3,House,495m²,,,,1,1.0
R 1 585 000,5,2,5,House,539m²,,,,0,0.0
R 400 000,0.5,1,,Apartment/Flat,,26m²,R1121,R580,0,0.0
R 815 000,3,1,2,House,200m²,65m²,,R300,0,1.0
R 3 800 000,3,2,2,Apartment/Flat,684m²,255m²,R2042,R1936,1,0.0
R 765 000,2,1,1,Apartment/Flat,,,R500,R200,0,
R 3 450 000,3,2,5,House,1983m²,1m²,,R3000,1,1.0
R 675 000,2,1,1,Apartment/Flat,51m²,51m²,R1261,R150,0,0.0
R 839 000,2,1,1,Apartment/Flat,56m²,56m²,R1335,R150,0,0.0
R 13 500 000,4,3.5,4,House,1208m²,720m²,,R4600,1,1.0
R 545 000,2,1,1,Townhouse,,64m²,R950,R250,1,1.0
R 500 000,,,,VacantLand/Plot,,,,,0,
R 995 000,3,1.5,2,Townhouse,1006m²,116m²,R1200,R328,0,1.0
R 690 000,2,2,2,Apartment/Flat,,80m²,R1558,R426,0,
R 1 687 000,1,1,,Apartment/Flat,125m²,125m²,,,1,
R 2 699 000,3,2,2,Apartment/Flat,,159m²,R2895,,0,0.0
R 755 000,2,1,1,Apartment/Flat,,,R500,R200,0,
R 1 600 000,4,2,4,House,992m²,,,R667,0,
R 599 000,2,1,1,Apartment/Flat,58m²,58m²,,R355,0,0.0
R 665 000,2,1,,House,,,R1065,,0,
R 665 000,2,1,,Apartment/Flat,,,R1065,,0,
R 699 000,3,2,2,Townhouse,,70m²,R900,R400,0,
R 2 400 000,2,2,2,Apartment/Flat,2028m²,108m²,R3950,R1699,0,1.0
R 2 059 300,3,3,3,House,,,R800,R1000,0,1.0
R 3 490 000,3,2,3,House,1012m²,,,R2400,1,1.0
R 450 000,3,1,2,Apartment/Flat,993m²,75m²,R800,R600,0,
R 895 000,3,1,3,House,518m²,,,R601,0,1.0
R 980 000,3,2,4,House,652m²,196m²,,R800,0,1.0
R 2 495 000,2,2,2,Apartment/Flat,,,,,0,
R 980 000,3,1,1,House,495m²,,,R488,1,1.0
R 1 149 000,3,1,3,House,496m²,,,R151,0,1.0
R 3 100 000,4,2,2,House,496m²,265m²,,R1199,0,0.0
R 839 000,2,1,1,Apartment/Flat,,,R500,R200,0,
R 2 200 000,4,1.5,2,House,495m²,495m²,,R680,1,
R 520 000,2,1,1,Apartment/Flat,,,,,0,0.0
R 975 000,3,2,1,Townhouse,,73m²,R1193,R565,0,
R 650 000,1,1,1,Apartment/Flat,,48m²,,,1,0.0
R 755 000,2,1,1,Apartment/Flat,,51m²,R1300,R150,0,1.0
R 7 900 000,6,7,6,House,1588m²,,,,1,
R 2 600 000,5,3,3,House,1337m²,500m²,R1,R740,0,1.0
R 3 800 000,4,2,4,House,1077m²,,,R2000,1,1.0
R 699 000,2,1,1,Apartment/Flat,56m²,56m²,,R355,0,0.0
R 1 999 000,4,3.5,4,House,826m²,,,R3067,0,0.0
R 9 899 000,3,3,1,Apartment/Flat,237m²,237m²,R7065,,0,0.0
R 1 299 999,3,2,,Townhouse,10838m²,98m²,R300,R650,1,0.0
R 485 000,1,1,1,Apartment/Flat,3025m²,39m²,,R335,0,
R 135 000,,1,,Apartment/Flat,743m²,39m²,,,0,0.0
R 895 000,3,2,1,House,379m²,,,R700,0,
R 660 000,2,1,,Townhouse,,57m²,R1200,R369,1,
R 6 250 000,4,3.5,8,House,2012m²,,,,1,1.0
R 675 000,2,1,1,Apartment/Flat,51m²,51m²,R1261,R150,0,0.0
R 839 000,2,1,1,Apartment/Flat,56m²,56m²,R1335,R150,0,0.0
R 755 000,2,1,1,Apartment/Flat,51m²,51m²,R1261,R150,0,0.0
R 870 000,1,1,1,Apartment/Flat,77m²,77m²,,R1290,0,0.0
R 3 500 000,3,3,4,House,743m²,220m²,,R1390,1,
R 2 350 000,2,2,,Apartment/Flat,2028m²,108m²,R2890,R1490,0,1.0
R 900 000,1,1.5,1,Apartment/Flat,,126m²,R3398,R575,0,
R 3 190 000,2,2,4,House,495m²,,,R2387,1,1.0
R 689 000,1,1,1,Apartment/Flat,,50m²,R2082,R338,1,0.0
R 890 000,6,6,,Apartment/Flat,,,,,0,
POA,,,,IndustrialProperty,1797m²,707m²,,,0,
R 1 050 000,3,2,1,House,495m²,,,R1350,1,1.0
R 1 750 000,3,2,,Apartment/Flat,3971m²,141m²,R2763,R1270,1,
R 2 399 000,3,4,1,Townhouse,,,,R1300,0,
R 7 900 000,4,3,4,House,545m²,,,R3786,1,1.0
R 649 000,,,,,,,,,0,
R 899 000,3,2,,House,495m²,,,,0,1.0
R 4 200 000,5,3.5,4,House,1086m²,,,,1,0.0
R 1 250 000,3,1,3,House,,,,R1000,1,1.0
R 760 000,2,1,,Townhouse,2978m²,78m²,R1212,R400,1,1.0
R 2 450 000,2,2,4,House,495m²,,,,0,1.0
R 3 195 000,6,6,4,House,1007m²,,,R1500,1,1.0
R 3 518 900,2,2,,Apartment/Flat,74.5m²,74m²,R2000,,0,
R 500 000,1,1,1,Apartment/Flat,,36m²,R800,R300,1,
R 1 050 000,1,1,1,Apartment/Flat,,114m²,R833,R738,0,0.0
R 850 000,2,1,1,Apartment/Flat,,,,,0,0.0
R 755 000,2,1,1,Apartment/Flat,,,R1100,R200,0,
R 675 000,2,1,1,Apartment/Flat,,,R1000,R250,0,
R 665 000,2,1,2,Apartment/Flat,,,R1000,R250,0,
R 1 325 000,3,2,2,House,495m²,,,R460,0,1.0
R 550 000,0.5,1,1,Apartment/Flat,,33m²,R786,,0,0.0
R 3 400 000,4,3,3,House,778m²,339m²,,,0,1.0
R 1 600 000,4,1.5,1,House,1155m²,,,R848,0,1.0
R 5 800 000,3,2,3,House,2445m²,,,,0,1.0
R 1 680 000,3,2,1,House,1487m²,,,,1,1.0
R 1 799 000,3,2,,House,1091m²,250m²,,,1,1.0
R 1 799 000,1,1,1,Apartment/Flat,55m²,55m²,R1440,R1714,0,0.0
R 765 000,2,1,2,Apartment/Flat,,56m²,R824,R200,0,
R 3 450 000,3,2,5,House,1009m²,,,R2510,0,
R 7 895 000,4,2.5,2,House,2505m²,,,,1,1.0
POA,,,,IndustrialProperty,,,,,0,
R 1 800 000,3,2,2,Townhouse,,152m²,,,1,1.0
R 549 000,2,1,1,Apartment/Flat,61m²,61m²,,R340,1,0.0
R 1 990 000,2,2,,Apartment/Flat,,69m²,R2500,R1520,0,
R 2 650 000,2,2.5,2,House,495m²,1m²,,R1900,1,1.0
R 5 499 000,3,3.5,4,Townhouse,,340m²,R2300,R3100,1,1.0
R 700 000,3,1,,Townhouse,,67m²,R2181,,0,
R 675 000,2,1,1,Apartment/Flat,51m²,51m²,R1200,R250,0,1.0
R 1 650 000,3,1,4,House,743m²,,,,0,1.0
R 1 480 000,3,2,2,House,1000m²,,,R770,0,1.0
R 1 190 000,3,1,2,House,495m²,,,R361,0,
R 1 999 999,3,2.5,1,Townhouse,600m²,254m²,R2336,,1,1.0
R 980 000,2,1,1,Apartment/Flat,,58m²,R1200,,0,0.0
R 1 299 000,3,2,,Townhouse,,101m²,,,0,0.0
R 525 000,0.5,1,,Apartment/Flat,,,R2305,,0,
POA,,,,VacantLand/Plot,2337m²,,,,0,
R 1 975 000,2,2,2,Apartment/Flat,,87m²,R2755,R1130,1,0.0
R 3 900 000,,,,CommercialProperty,,275m²,R6875,R9029,0,
R 2 150 000,5,3,2,House,510m²,,,R900,0,1.0
R 450 000,1,1,1,Apartment/Flat,1800m²,46m²,R1000,R300,1,0.0
R 1 900 000,3,2,,House,995m²,,,,0,0.0
R 2 899 000,,,,IndustrialProperty,700m²,700m²,,,0,
R 2 495 000,3,3,3,House,793m²,,,R734,1,
R 4 250 000,4,2.5,2,House,495m²,,,,1,
R 773 000,3,2,1,House,200m²,60m²,,R300,0,
R 2 200 000,,,,Apartment/Flat,313m²,320m²,,,0,
R 4 995 000,3,2,2,House,743m²,260m²,,R2700,1,1.0
R 850 000,2,1,1,Townhouse,20100m²,60m²,R1594,R433,1,
R 1 285 000,3,3,2,Townhouse,8836m²,152m²,R2300,R653,1,1.0
R 1 700 000,,,,CommercialProperty,88607m²,31m²,R1770,,0,
R 2 000 000,3,3,,Apartment/Flat,208m²,208m²,,,0,
R 3 450 000,3,2,2,House,498m²,,,R2169,1,0.0
R 1 500 000,3,2.5,2,House,413m²,,,R1500,0,
R 840 000,4,2,6,House,317m²,317m²,,R497,0,1.0
R 4 599 000,4,3.5,2,House,1859m²,,,R2698,0,1.0
R 1 000 000,4,1,1,Townhouse,521m²,,,R223,0,
R 1 500 000,3,2,1,House,,,,,0,
R 3 995 000,5,3.5,3,House,1487m²,660m²,,R3800,1,1.0
R 1 049 990,2,,2,Townhouse,,80m²,R1030,R700,1,1.0
R 1 999 000,2,2,1,Apartment/Flat,,137m²,R2200,R604,0,
R 3 500 000,3,2.5,4,House,1020m²,,,R2692,1,1.0
R 2 200 000,3,2,1,Apartment/Flat,,165m²,R4560,R984,1,1.0
R 3 364 900,2,2,,Apartment/Flat,83m²,83m²,R2000,,0,
R 880 000,3,2,,House,,,R1100,R441,0,
R 3 390 000,,,,VacantLand/Plot,925m²,,,,0,
R 2 750 000,3,2,2,House,496m²,200m²,,,1,1.0
R 2 599 000,8,4,,House,1617m²,400m²,,R1865,0,
R 1 549 000,3,2,4,House,991m²,,,R928,0,1.0
R 1 450 000,3,1.5,1,House,847m²,,,,0,1.0
R 650 000,3,1,1,Townhouse,,84m²,R1360,R400,0,
R 665 000,2,1,1,Apartment/Flat,,,R1261,R150,0,0.0
R 2 399 000,3,2,2,House,499m²,,,,1,
R 10 000 000,,,,IndustrialProperty,2000m²,2000m²,,,0,
R 600 000,5,2,2,House,310m²,185m²,,,0,1.0
R 3 675 000,3,2,2,House,332m²,,,,0,1.0
R 1 290 000,4,2,2,House,495m²,,,R500,1,
R 5 499 999,4,4.5,3,House,607m²,607m²,,R3250,0,1.0
R 1 900 000,,,,CommercialProperty,519m²,,,R1096,0,
R 2 888 888,6,6,5,House,1700m²,,,,0,
R 3 199 999,3,2,7,House,743m²,,,,1,1.0
R 890 000,3,1,2,House,570m²,,,,1,1.0
R 10 000 000,,,,CommercialProperty,3468m²,3468m²,,,0,
R 1 650 000,4,2,8,House,1144m²,,,R900,1,
R 900 000,2,1,1,Townhouse,,83m²,,,0,0.0
R 899 000,2,2,1,Apartment/Flat,2985m²,106m²,R1800,,0,
R 560 000,2,1,1,Apartment/Flat,,,,,0,0.0
R 299 999,3,1,2,Apartment/Flat,,,,,0,
R 1 095 000,3,2,2,House,600m²,,,,0,
R 720 000,2,1,1,Apartment/Flat,79m²,79m²,R2300,R388,0,0.0
POA,,,,IndustrialProperty,20039m²,,,,0,
R 485 000,1,1,,Apartment/Flat,,64m²,R1882,,0,
R 9 900 000,3,5,2,Apartment/Flat,,365m²,R6500,R5200,1,1.0
R 500 000,2,1,1,Townhouse,,125m²,R850,,0,
R 810 000,2,1,2,Townhouse,,68m²,R1400,,0,
R 950 000,2,1,1,Townhouse,,98m²,R2180,R267,0,
R 885 000,3,1,3,House,500m²,,,R127,0,1.0
R 4 490 000,3,2.5,2,House,372m²,,R3890,R2460,0,
R 4 800 000,3,3,5,House,4200m²,,,R865,1,1.0
R 5 300 000,4,3.5,2,House,1320m²,450m²,,,1,1.0
R 799 000,3,2.5,1,House,453m²,,,R471,0,0.0
R 1 350 000,3,2,2,House,515m²,,,,1,
R 4 495 000,3,3,5,House,630m²,411m²,R1900,R2000,0,
R 600 000,2,1,,Apartment/Flat,,64m²,R1882,,0,
R 625 000,1,1,,Townhouse,4361m²,55m²,R1300,R443,1,0.0
R 427 000,1.5,1,2,Apartment/Flat,,79m²,R1486,R259,0,0.0
R 3 295 000,3,2,1,House,1914m²,,,R1750,1,
R 2 000 000,3,2.5,2,House,600m²,254m²,R2300,R1200,1,1.0
R 1 200 000,3,2,2,Townhouse,,98m²,R1500,R550,0,
R 1 450 000,2,1,1,Apartment/Flat,2535m²,96m²,R2044,R568,0,
R 1 040 000,3,1,,House,495m²,,,R1050,1,1.0
R 3 200 000,2,3,3,House,744m²,330m²,,R1258,1,1.0
R 750 000,2,2,2,Townhouse,,96m²,R1400,R490,1,1.0
R 720 000,3,,2,House,400m²,120m²,,R250,0,1.0
R 2 195 000,3,2,8,House,1858m²,,,,1,1.0
R 12 500 000,,,,CommercialProperty,2147m²,2147m²,,,0,
R 990 000,3,2,2,House,518m²,,,R355,1,
R 2 750 000,4,3,6,House,,,,R1500,0,
R 380 000,2,1.5,1,Apartment/Flat,3416m²,87m²,R1850,R200,1,0.0
R 2 395 000,4,2,3,House,1008m²,,,R780,1,
R 665 000,2,1,,Apartment/Flat,,,R1065,,0,
R 900 000,2,1,1,House,,,,R1000,0,
R 1 150 000,4,3,1,House,480m²,,,,1,1.0
R 1 700 000,2,2,2,Apartment/Flat,,,R3471,R1230,1,
R 1 980 000,4,2,,House,996m²,,,R1174,1,1.0
R 1 300 000,3,1,3,House,495m²,,,,0,1.0
R 750 000,3,3,3,House,1045m²,222m²,,R589,0,1.0
R 1 200 000,3,1,1,House,520m²,,,R452,0,
R 240 000,,1,1,Apartment/Flat,2221m²,29m²,,,0,0.0
R 1 150 000,3,1,2,House,396m²,,,R500,0,1.0
R 4 299 000,3,3,2,Apartment/Flat,221m²,221m²,R8346,R705,1,
R 3 800 000,,,,CommercialProperty,1486m²,300m²,,R1462,0,
R 3 195 000,4,3,2,House,400m²,368m²,R3493,R1326,1,1.0
R 3 350 000,4,2,7,House,1000m²,420m²,,R1400,0,1.0
R 1 400 000,4,1,2,House,840m²,,,,0,
R 450 000,2,1,,Apartment/Flat,,76m²,,R171,0,
R 750 000,2,1,2,Townhouse,154m²,110m²,R1177,R570,0,
R 5 900 000,4,4.5,2,House,1338m²,450m²,R600,R2410,1,
R 2 195 000,4,2.5,2,House,1585m²,,,,1,1.0
R 724 000,3,2,,House,56m²,56m²,,R300,0,1.0
R 1 399 000,4,2.5,10,House,1000m²,,,,0,1.0
R 950 000,3,2,2,House,1063m²,,,R275,0,1.0
R 2 900 000,4,3,6,House,1014m²,,,,0,1.0
R 350 000,1,1,1,Apartment/Flat,992m²,48m²,R639,R150,0,0.0
R 2 900 000,4,2,2,House,310m²,340m²,R3228,R1264,1,1.0
R 1 500 000,4,2.5,2,House,497m²,,,R540,0,1.0
R 3 390 000,,,,VacantLand/Plot,977m²,,,,0,
R 839 000,2,1,1,House,,56m²,R820,R150,0,
R 7 600 000,4,4,5,House,3257m²,,,R4445,1,1.0
R 620 000,1,1,,Apartment/Flat,994m²,45m²,,,0,0.0
R 1 150 000,9,5,5,House,495m²,431m²,,R1582,0,0.0
R 780 000,4,1,3,House,495m²,233m²,,,0,1.0
R 550 000,3,1,2,Townhouse,,57m²,R1000,R400,0,0.0
R 1 300 000,3,1,,House,495m²,,,R502,1,1.0
R 4 500 000,5,4,10,House,2082ha,,,R3656,1,
R 39 950 000,,,,VacantLand/Plot,,,,,0,
R 2 400 000,4,3,2,House,2500m²,,,,0,
R 1 200 000,3,2,1,Apartment/Flat,,99m²,,R1650,0,
R 395 000,1,1,1,Apartment/Flat,39m²,39m²,,R930,1,0.0
R 2 950 000,3,3,3,House,743m²,120m²,,,1,
R 755 000,2,1,1,Apartment/Flat,,51m²,R600,R600,0,1.0
R 2 650 000,3,1,15,House,2479m²,,,,1,
R 1 790 000,3,2,4,House,,992m²,,R1109,0,1.0
R 19 000 000,,,,IndustrialProperty,5000m²,2500m²,,,0,
R 695 000,2,1.5,,Townhouse,3300ha,110m²,R1200,R300,0,
R 1 200 000,1,1,1,Apartment/Flat,,98m²,,,0,
R 615 000,2,1,2,Townhouse,71m²,71m²,R1344,R261,1,0.0
R 950 000,3,1,,House,248m²,,,,0,
R 1 995 000,3,2,2,House,992m²,,,R954,0,1.0
R 7 800 000,3,3.5,5,Townhouse,478m²,388m²,R2000,R3035,1,1.0
R 1 700 000,2,2,2,Apartment/Flat,,90m²,R3180,R1175,1,0.0
R 3 750 000,3,3,2,Apartment/Flat,,240m²,R4804,,1,1.0
R 385 000,2,1,,Apartment/Flat,,55m²,R875,,0,0.0
R 1 650 000,3,2,3,House,495m²,300m²,,R600,1,1.0
R 850 000,3,2,2,House,200m²,70m²,,R400,0,1.0
R 3 700 000,,,,VacantLand/Plot,,,,,0,
R 2 350 000,,,,House,1205m²,,,,0,
R 25 000 000,4,4.5,13,House,4050m²,,,R9900,1,1.0
R 8 500 000,3,2.5,6,House,2215m²,,,R3571,1,
R 1 400 000,3,2,2,House,495m²,,,R600,0,1.0
R 2 500 000,3,2,2,House,1100m²,,,R850,0,1.0
R 495 000,1,1,2,Apartment/Flat,,49m²,R1100,R270,1,0.0
POA,3,3,,House,1000m²,,,,0,
R 1 024 000,1,1,2,Apartment/Flat,,64m²,,,1,
R 1 502 000,2,2,2,Apartment/Flat,,91m²,,,1,
R 1 638 000,3,2,2,Apartment/Flat,,117m²,,,1,
R 755 000,2,1,1,Apartment/Flat,,,R500,R200,0,
R 839 000,2,1,1,Apartment/Flat,,,R500,R200,0,
R 230 000,1,1,,Apartment/Flat,42m²,,R240,R120,0,
R 3 380 000,2,2,2,House,495m²,,,R2959,0,1.0
R 7 500 000,,,,Farm,,,,,0,
R 4 500 000,3,3,2,House,495m²,,,,1,1.0
R 1 100 000,1,1,1,Apartment/Flat,,96m²,,R600,0,
R 1 195 000,3,2,2,Townhouse,,97m²,R1352,R551,1,
R 760 000,2,1,1,Apartment/Flat,75m²,75m²,R1176,R442,1,1.0
R 1 150 000,3,2,3,House,495m²,,,R500,0,1.0
R 1 650 000,3,2,1,House,994m²,,,R439,1,1.0
R 680 000,2,1,1,Townhouse,,53m²,R490,R460,1,0.0
R 400 000,2,1,,Townhouse,,59m²,,,0,
R 660 000,2,1,2,Apartment/Flat,48m²,48m²,,R545,0,0.0
R 2 795 000,2,2,3,House,495m²,,,R1846,1,1.0
R 1 899 000,2,2,3,House,743m²,,,R1200,0,0.0
R 2 250 000,3,1.5,2,House,1012m²,300m²,,R1700,0,1.0
R 1 950 000,8,4,15,House,600m²,550m²,,R612,1,1.0
R 2 199 000,16,7.5,,House,1000m²,,,R800,1,1.0
R 720 000,2,1,,Townhouse,15635m²,61m²,R1200,R450,0,0.0
R 850 000,2,2,3,Townhouse,,103m²,R1899,R490,0,1.0
R 1 670 000,3,2,2,House,762m²,280m²,,R686,0,1.0
R 1 150 000,9,5,5,House,495m²,431m²,,R1582,0,0.0
R 1 150 000,9,5,5,House,495m²,431m²,,R1582,0,0.0
R 375 000,0.5,1,,Apartment/Flat,,26m²,R718,,0,0.0
R 629 000,2,1,1,Apartment/Flat,,60m²,R500,R1400,0,0.0
R 585 000,2,1,1,Townhouse,,44m²,,,0,
R 900 000,3,3,1,Apartment/Flat,,,R4000,R550,0,0.0
R 2 800 000,3,3,5,House,500m²,,,,1,1.0
R 1 520 000,3,3,3,House,1144m²,,,R688,1,1.0
R 2 150 000,3,2,1,Apartment/Flat,,,,R1000,0,
R 4 250 000,5,3,,House,1176m²,,,,1,1.0
R 4 200 000,3,2,4,House,1020m²,,,,1,1.0
R 1 375 000,2,2,2,Townhouse,,97m²,,,1,1.0
R 1 195 000,2,2,3,House,495m²,,,R375,0,1.0
R 1 390 000,3,1.5,1,House,,,,,0,1.0
R 6 500 000,,,,CommercialProperty,2477m²,,,,0,
R 1 150 000,4,2,,House,495m²,,,,0,
R 2 250 000,7,4,7,House,1059m²,,,R1074,0,
R 645 880,2,1,1,House,150m²,40m²,,R300,0,1.0
R 1 990 000,,,,CommercialProperty,995m²,,,,0,
R 765 000,2,1,1,Apartment/Flat,56m²,56m²,R1335,R150,0,0.0
R 399 710,1,1,,Apartment/Flat,20m²,20m²,R1288,R529,0,0.0
R 675 500,2,1,1,Apartment/Flat,1712m²,79m²,R1821,R132,0,
R 1 150 000,3,2,2,House,520m²,520m²,,R860,0,1.0
R 1 300 000,3,1,1,House,495m²,,,R450,0,1.0
R 1 499 000,15,13,,House,495m²,,,R1500,0,0.0
R 675 000,2,2,2,Apartment/Flat,17315m²,69m²,R900,R420,0,0.0
R 13 000 000,,,,CommercialProperty,1644m²,,,,0,
R 3 995 000,3,2.5,3,House,1003m²,,,,1,1.0
R 1 650 000,2,2,1,Apartment/Flat,14499m²,82m²,R2200,R1170,0,0.0
R 495 000,1,1,1,Apartment/Flat,32m²,32m²,,R300,1,0.0
R 790 000,2,1,1,Townhouse,1ha,96m²,R1300,R468,1,
R 1 250 000,3,2,1,Townhouse,,165m²,,,0,
R 1 350 000,2,2,,House,495m²,,,R473,0,1.0
R 1 500 000,9,3,7,House,734m²,,,R350,0,
R 1 050 000,6,2,6,House,495m²,,,R260,0,
R 395 000,1,1,1,Apartment/Flat,44m²,44m²,,R995,1,0.0
R 240 000,,1,1,Apartment/Flat,2221m²,30m²,,,0,0.0
R 900 000,5,2,3,House,480m²,,,R278,0,
R 10 228 900,3,3.5,3,Apartment/Flat,,237m²,R6319,,0,0.0
R 2 750 000,4,6,2,House,,,,R1200,0,
R 2 500 000,,,,VacantLand/Plot,920m²,,R3100,,0,
R 560 000,1,1,1,Apartment/Flat,,46m²,R1257,,1,0.0
R 1 799 000,3,2,7,House,1487m²,,,R960,1,
R 5 499 000,,,,Farm,,1m²,,R1500,1,
R 2 750 000,3,2,1,Townhouse,,211m²,R5971,R1579,0,
R 178 000,,1,,Apartment/Flat,1487m²,30m²,,,0,0.0
R 850 000,1,1,1,Apartment/Flat,96m²,96m²,R2643,R930,0,1.0
R 760 000,1,1,2,Apartment/Flat,51m²,51m²,,R510,1,0.0
POA,,,,House,,,,,0,
R 881 500,3,2,,House,250m²,,,R300,0,
R 755 000,2,1,1,Apartment/Flat,,56m²,R1300,R150,0,
R 7 495 000,4,4,3,House,700m²,485m²,,R3500,1,1.0
R 2 700 000,3,2,2,House,397m²,,,,1,1.0
R 650 000,2,2,1,Apartment/Flat,,109m²,R2500,R450,0,
R 650 000,3,1,1,House,400m²,,,,0,0.0
R 3 200 000,,,,VacantLand/Plot,851m²,,R3200,,0,
R 995 000,3,2,4,House,495m²,,,,0,1.0
R 340 000,0.5,1,1,Apartment/Flat,,33m²,R850,R250,0,
R 1 499 000,2,2,4,House,694m²,,,,0,1.0
R 6 900 000,,,,CommercialProperty,,,,,0,
R 749 000,3,1,,House,,,,R700,0,1.0
R 2 300 000,3,2,6,House,1487m²,450m²,,R1828,1,1.0
R 3 900 000,8,5,1,House,1983m²,,,R3059,1,1.0
R 985 000,2,1,5,House,594m²,,,R257,0,1.0
R 1 550 000,3,2,2,House,793m²,,,R572,0,1.0
R 4 950 000,3,3,6,House,1239m²,,,R3490,1,
R 5 999 000,4,4.5,4,House,497m²,,,,0,
R 3 795 000,7,7,4,House,1258m²,,,R1600,0,
R 670 000,,,,Apartment/Flat,,,R1100,,0,
R 1 950 000,3,3,4,House,1102m²,,,R782,1,1.0
R 1 300 000,1,1,1,Apartment/Flat,,95m²,R1800,R800,0,
R 1 299 000,5,3,1,House,600m²,,,R695,1,
R 7 450 000,3,2,3,House,,,,,0,
R 2 850 000,3,3.5,4,House,1017m²,700m²,,,1,1.0
R 4 900 000,3,2,2,House,1020m²,,,,1,
POA,4,4,4,House,3366m²,,,,1,
R 850 000,5,2,3,House,,,,R226,0,
R 380 000,1,1,,Apartment/Flat,,39m²,R1600,R400,0,
R 755 000,2,1,1,Apartment/Flat,,56m²,R1335,R150,0,0.0
R 899 000,2,2,1,Townhouse,97m²,97m²,R2930,R498,1,
R 630 000,2,1,,Apartment/Flat,,66m²,R1381,R334,0,
R 850 000,1,1,1,Apartment/Flat,,45m²,R1500,R575,1,0.0
R 290 000,1,1,1,House,,75m²,R550,R350,0,
R 899 000,2,2,,Townhouse,,,R2930,R497,1,1.0
R 1 200 000,3,1,6,House,495m²,,,,0,
R 5 500 000,2,2.5,5,House,1136m²,,,R3138,1,1.0
R 654 000,3,2,,House,150m²,60m²,,R300,0,1.0
R 399 000,2,1,1,Apartment/Flat,,75m²,R1415,R480,0,0.0
R 380 000,1,1,1,Apartment/Flat,,,,,0,
R 8 688 900,3,3.5,3,Apartment/Flat,,188m²,R5832,,0,0.0
R 950 000,3,1,3,House,800m²,200m²,R540,R520,0,1.0
R 620 000,2,1,1,Townhouse,60m²,60m²,R1200,R200,0,
R 450 000,2,1,1,Apartment/Flat,,76m²,R2100,R171,0,
R 899 000,3,2.5,3,House,600m²,237m²,,R598,0,0.0
R 800 000,2,1,,Townhouse,5053m²,65m²,,,0,
R 850 000,1,1,3,Apartment/Flat,19371m²,76m²,,,0,
R 699 900,1,1,2,Apartment/Flat,,,,,1,
R 1 850 000,4,2,1,House,603m²,,,,0,1.0
R 1 300 000,3,2,3,House,495m²,,,R410,0,
R 699 000,1,1,1,Apartment/Flat,916m²,85m²,R700,R2500,0,
R 895 000,1,1,1,Apartment/Flat,79m²,79m²,R2145,R535,0,
R 1 050 000,3,2,2,House,248m²,,,R359,0,
R 385 000,2,1.5,1,Apartment/Flat,,111m²,R2366,,0,0.0
R 1 810 000,3,3.5,8,House,2401m²,,,R710,0,1.0
R 1 850 000,3,2,2,Townhouse,162m²,162m²,R2575,R1028,0,1.0
R 950 000,3,1,2,House,496m²,,,R450,0,0.0
R 4 999 000,3,3.5,2,Apartment/Flat,,171m²,R7000,R4000,1,
R 980 000,3,2.5,1,Apartment/Flat,16792m²,115m²,R2000,R620,0,0.0
R 3 950 000,3,2,,House,1238m²,,,,1,
R 1 480 000,3,2,2,House,312m²,,,R247,0,
R 54 043 000,,,,IndustrialProperty,,6358m²,,,0,
R 1 950 000,5,3,1,House,498m²,360m²,,,0,1.0
R 765 000,2,1,1,Apartment/Flat,,,R500,R200,0,
R 3 500 000,3,2,2,Apartment/Flat,,,R2300,R2000,1,
R 1 599 000,3,2,2,Townhouse,,,R1271,R952,1,0.0
R 3 800 000,3,2,2,House,1033m²,,,,1,
R 680 000,2,1,,Townhouse,,51m²,R1500,,0,0.0
R 775 000,1,1,1,Apartment/Flat,,39m²,R578,R242,0,
R 1 895 000,3,2,5,House,1487m²,,,,1,0.0
R 1 895 000,3,2,2,House,1488m²,308m²,,R1915,0,1.0
R 1 200 000,3,2,,House,,,,R550,0,
R 2 599 000,8,4,3,House,1600m²,,,,0,
R 399 000,1,1,,Apartment/Flat,,37m²,,,1,
R 1 200 000,11,2.5,,House,495m²,,,R800,0,
R 2 200 000,2,2,1,Townhouse,176m²,96m²,R768,R1249,0,
R 1 785 000,11,4,1,House,,,,,0,
R 794 900,4,1,,House,244m²,,,R500,0,
R 560 000,2,1,1,Townhouse,,65m²,R1033,,0,
POA,,,,CommercialProperty,1549m²,260m²,,R12541,0,
R 2 100 000,2,2,2,Apartment/Flat,,87m²,,R1230,0,0.0
R 7 200 000,4,3.5,6,House,993m²,,,R4500,1,1.0
POA,5,3,2,House,4704m²,,,R3175,1,
R 1 750 000,3,2,1,Apartment/Flat,3530m²,152m²,R4259,R1268,1,
R 3 250 000,2,2,2,Apartment/Flat,,143m²,R2917,R2486,1,1.0
R 1 950 000,2,2,1,Apartment/Flat,,176m²,R5559,,0,0.0
R 1 590 000,2,1,1,Apartment/Flat,,133m²,R1000,R4000,0,0.0
R 985 000,3,2,1,Townhouse,,93m²,R810,R450,0,
R 3 400 000,4,3,4,Apartment/Flat,,175m²,,,0,0.0
R 2 950 000,3,3,6,House,,,,,0,
R 839 000,2,1,1,Apartment/Flat,,72m²,R309,R1975,1,0.0
R 820 000,3,2.5,3,House,300m²,,,R472,0,
R 1 000 000,5,3,1,House,472m²,250m²,,R432,0,
R 699 000,2,1,1,Apartment/Flat,2723m²,79m²,R2300,R388,1,0.0
R 899 000,3,2,1,House,208m²,,,,0,0.0
R 1 399 000,3,2,5,House,744m²,,,,1,1.0
R 1 450 000,,,,House,,,,,0,
R 865 000,3,2,1,Apartment/Flat,89m²,89m²,R1327,R440,1,1.0
R 949 900,3,2,,Townhouse,26790ha,84m²,R1100,,0,
R 380 000,1,1,2,Apartment/Flat,,38m²,,,1,0.0
R 2 450 000,4,3,4,House,1487m²,,,,1,
R 9 450 000,4,4.5,7,House,2492m²,,,,1,1.0
R 1 250 000,,,,VacantLand/Plot,1588m²,,,,0,
R 1 749 000,3,2,1,Apartment/Flat,,119m²,R4766,R1692,1,1.0
R 2 100 000,3,2,4,House,743m²,,,,0,
R 1 850 000,2,2,2,Apartment/Flat,,118m²,R1979,R902,0,1.0
R 1 800 000,3,2.5,1,House,,496m²,,R720,0,
R 3 600 000,2,2.5,,Apartment/Flat,,350m²,R5700,R2700,1,0.0
R 950 000,2,1,1,Townhouse,,,R1650,R640,1,
R 620 000,2,1,1,Apartment/Flat,,,,,0,0.0
R 1 150 000,3,1,3,House,495m²,150m²,,R592,0,1.0
R 2 099 000,3,2,2,Townhouse,,240m²,,,1,
R 1 250 000,3,2,1,House,,,,,0,
R 1 395 000,5,4,2,House,900m²,,,R700,0,
R 520 000,2,1,2,Apartment/Flat,,53m²,R1600,R350,1,0.0
R 28 000 000,,,,Apartment/Flat,920m²,,,,0,
R 6 950 000,4,3,3,Townhouse,821m²,,,,1,1.0
R 3 199 000,4,5,2,House,588m²,,,,1,
R 1 350 000,3,2,1,House,,70m²,,R380,0,1.0
R 29 500 000,,,,CommercialProperty,,,,R4500,0,
R 1 499 000,2,1,1,Apartment/Flat,,129m²,R3481,R775,0,0.0
R 2 850 000,,,,VacantLand/Plot,927m²,,,,0,1.0
R 3 100 000,2,2.5,3,House,496m²,200m²,,R2000,0,1.0
R 2 250 000,3,2,3,House,996m²,185m²,,R1800,1,
R 1 099 000,2,1,1,Townhouse,,105m²,R1552,R370,1,1.0
R 950 000,2,2,1,Apartment/Flat,84m²,84m²,,R675,1,0.0
R 1 199 000,3,2,,Townhouse,,,R880,,0,0.0
R 3 250 000,3,2,2,House,496m²,,,,1,
R 1 790 000,4,3,2,House,585m²,,,R312,0,0.0
R 765 000,2,1,1,Apartment/Flat,,,R500,R200,0,
R 665 000,2,1,1,Apartment/Flat,,51m²,R600,R200,0,
R 2 750 000,3,2.5,4,House,1068m²,,,,1,1.0
R 2 495 000,2,2.5,3,House,497m²,,,,1,1.0
R 2 950 000,3,2,2,Apartment/Flat,,170m²,R6500,R1807,0,
R 925 000,2,1.5,2,Apartment/Flat,98m²,98m²,,R645,0,0.0
R 640 000,2,1,1,Apartment/Flat,,88m²,R2200,R275,0,
R 4 000 000,,,,CommercialProperty,,,,,0,
R 1 800 000,4,3,4,House,1075m²,,,,0,0.0
R 2 495 000,2,2,1,Apartment/Flat,,138m²,R4039,,1,0.0
R 1 299 999,4,2,3,House,495m²,,,,1,
R 1 250 000,,3,,House,1388m²,,,R742,0,
R 755 000,2,1,1,Apartment/Flat,,51m²,R600,R500,0,0.0
R 1 450 000,2,1,1,Apartment/Flat,,129m²,,,0,0.0
R 3 680 000,4,3,5,House,1302m²,,,R1550,1,
R 2 450 000,8,2,4,House,1487m²,,,,1,
R 3 499 000,2,2,2,Apartment/Flat,,72m²,R2849,R2315,1,
R 6 295 000,,,,CommercialProperty,,,,,0,
R 210 000,0.5,1,1,Apartment/Flat,,28m²,R1038,R392,0,0.0
R 780 000,5,2,3,House,601m²,,,R529,0,
R 10 999 000,4,4,4,House,1150m²,667m²,R2146,R2434,1,
R 745 000,2,1,1,House,106m²,,R1500,R350,0,
R 1 595 000,3,2,4,House,866m²,866m²,,R790,1,1.0
R 665 000,3,2,,Townhouse,,,R100,R159,0,1.0
R 839 000,2,1,2,Apartment/Flat,,,R824,R200,0,
R 845 000,1,1,2,Apartment/Flat,,62m²,,,0,0.0
R 795 000,2,1.5,,Apartment/Flat,,110m²,R2000,R600,0,
R 1 810 000,3,3,3,House,,,,R710,0,1.0
R 915 000,2,1,2,Apartment/Flat,,880m²,R2100,R400,1,0.0
R 880 000,3,1,6,House,,,,,0,
R 1 200 000,3,1,2,House,621m²,,,R203,0,
R 1 200 000,3,2,2,House,900m²,,,R116,0,
R 1 050 000,3,1,,House,495m²,495m²,,,0,
R 850 000,1,1,1,Apartment/Flat,65m²,65m²,,,0,0.0
R 1 499 000,3,1,3,House,759m²,759m²,,,1,1.0
R 1 399 000,2,1,1,Apartment/Flat,,71m²,,,1,1.0
R 1 095 000,2,1,1,Townhouse,5617m²,88m²,,R537,1,1.0
R 950 000,2,1,2,Townhouse,,,R1650,R640,0,0.0
R 1 100 000,3,1,4,House,571m²,,,R362,0,
R 999 999,3,2,2,Apartment/Flat,54125m²,83m²,R2000,R690,1,
R 665 000,2,1,1,Apartment/Flat,,,R1335,R250,0,
R 3 599 000,7,5,7,House,1031m²,,,R1368,1,1.0
R 1 750 000,,,,House,495m²,,,,0,
R 2 500 000,3,2,6,House,793m²,,,R1400,0,
R 4 750 000,4,4,3,House,661m²,1m²,,R2700,1,1.0
R 1 100 000,2,2,1,Apartment/Flat,,130m²,,,0,
R 1 650 000,3,2,2,Apartment/Flat,,154m²,R3200,R1400,0,
R 380 000,,,,CommercialProperty,59m²,,,R1200,0,
R 1 300 000,2,2,3,House,495m²,,,R750,0,1.0
R 2 999 000,3,2.5,3,Townhouse,160m²,160m²,,,0,
R 680 000,2,1,1,Townhouse,,65m²,R1881,,0,
R 1 245 000,5,2,4,House,,476m²,,R100,1,1.0
R 1 450 000,3,2,14,House,497ha,230m²,,R526,0,1.0
R 750 000,4,2,2,House,502m²,501m²,,,0,
R 1 250 000,3,2,1,House,495m²,,,,0,1.0
R 2 250 000,4,2,2,House,993m²,993m²,,R920,0,1.0
R 25 000 000,5,4.5,3,House,6070m²,,,,1,
R 14 740 000,,,,CommercialProperty,2923m²,2923m²,,,0,
R 12 800 000,,,,CommercialProperty,,,,,0,
R 770 000,2,1,,Townhouse,122m²,,R463,R3000,0,
R 1 585 000,4,2,6,House,,,,,1,
R 720 000,2,1,1,Townhouse,,,,,0,
R 765 000,2,1,1,Apartment/Flat,,,R824,R234,0,
R 450 000,2,1,2,Apartment/Flat,,113m²,,R255,0,
R 560 000,3,1,,House,,,,,0,
R 13 000 000,,,,CommercialProperty,,,,,0,
R 300 000,1,1,1,Apartment/Flat,,66m²,,,0,0.0
R 6 000 000,,,,VacantLand/Plot,1.26ha,,,,0,
R 689 000,1,1,1,Apartment/Flat,,,R2082,R338,1,
R 899 000,6,2,,House,362m²,,,,0,1.0
R 260 000,,1,1,Apartment/Flat,2221m²,31m²,,,0,0.0
R 1 999 999,2,2,1,Apartment/Flat,,,,,1,
R 2 299 990,5,3.5,2,House,1983m²,,,R2227,1,1.0
R 870 000,4,3.5,6,House,495m²,,,,0,
R 1 195 000,3,2,,Apartment/Flat,27902m²,84m²,R1200,R600,0,
R 2 750 000,3,3.5,2,Townhouse,,180m²,,,1,1.0
R 1 100 000,2,2,2,House,,189m²,,R425,0,0.0
R 6 250 000,2,2.5,2,Apartment/Flat,,171m²,R6720,R4104,1,1.0
R 3 199 000,3,3,2,House,,495m²,,,1,0.0
R 889 000,2,1,2,Townhouse,,,R1400,R480,0,
R 675 000,2,1,1,Apartment/Flat,,51m²,R1100,R150,0,0.0
R 765 000,2,1,1,Apartment/Flat,,56m²,R1100,R150,0,0.0
R 185 000,1,1,1,Apartment/Flat,,49m²,R1154,,0,0.0
R 1 350 000,3,2,1,House,,,,,0,0.0
R 3 584 900,2,2,1,Apartment/Flat,,80m²,R2428,,0,0.0
R 30 000 000,,,,CommercialProperty,4000m²,4000m²,,,0,
R 600 000,1,1,,Apartment/Flat,,,,,0,
R 870 000,3,2,2,House,335m²,270m²,,R925,0,
R 190 000,1,1,,Apartment/Flat,,33m²,R802,R438,0,
R 725 000,3,1,1,House,,,,,0,
R 1 800 000,3,2,3,House,312m²,280m²,,R656,0,1.0
R 1 500 000,2,2,2,Townhouse,,,,,0,
